5726619608b84ee3018c815204cdff7a	D_0__Bacteria	D_1__Proteobacteria	D_2__Alphaproteobacteria	D_3__Rhodobacterales	D_4__Rhodobacteraceae
37693fc4da7177d96a9cd741d266f179	D_0__Bacteria	D_1__Proteobacteria	D_2__Alphaproteobacteria	D_3__Rhizobiales	D_4__Stappiaceae	D_5__Labrenzia
96e95b1a99117e96f04a603877d1f614	D_0__Bacteria	D_1__Proteobacteria	D_2__Gammaproteobacteria	D_3__Cellvibrionales	D_4__BD2-7	D_5__uncultured organism	D_6__uncultured organism
9d71702957799a662ae2f7545bc2abfc	D_0__Bacteria	D_1__Proteobacteria	D_2__Alphaproteobacteria	D_3__Rhizobiales	D_4__Hyphomicrobiaceae	D_5__Hyphomicrobium
1095368a251dc3880e91650081c8885b	D_0__Bacteria	D_1__Proteobacteria	D_2__Alphaproteobacteria	D_3__Rhodobacterales	D_4__Rhodobacteraceae
a3237d7dad0fa1d5c1d03a88c6480884	D_0__Bacteria	D_1__Proteobacteria	D_2__Alphaproteobacteria	D_3__Thalassobaculales	D_4__Thalassobaculaceae	D_5__Thalassobaculum
96180f10e41dd13129ccdc7bba2de6c1	D_0__Bacteria	D_1__Proteobacteria	D_2__Alphaproteobacteria	D_3__Caulobacterales	D_4__Hyphomonadaceae	D_5__Hyphobacterium	D_6__uncultured bacterium
f5b043bebb60f302bdf46ef2216a9a5d	D_0__Bacteria	D_1__Proteobacteria	D_2__Alphaproteobacteria	D_3__Caulobacterales	D_4__Parvularculaceae	D_5__uncultured
d506c43c84f7ec0c561c0a425e99fa83	D_0__Bacteria	D_1__Proteobacteria	D_2__Gammaproteobacteria	D_3__Alteromonadales	D_4__Marinobacteraceae	D_5__Marinobacter
23b13e05f9cfd70cce8451488e4e7f36	D_0__Bacteria	D_1__Proteobacteria	D_2__Alphaproteobacteria	D_3__Rhizobiales	D_4__Beijerinckiaceae	D_5__Methylobacterium
65c4ab40c938a1e136d8d07af93446c3	D_0__Bacteria	D_1__Proteobacteria	D_2__Gammaproteobacteria	D_3__KI89A clade
c31fb564f22ba3e61e82cdab69d35349	D_0__Bacteria	D_1__Spirochaetes	D_2__Leptospirae	D_3__Leptospirales	D_4__Leptospiraceae	D_5__uncultured	D_6__uncultured spirochete
3b2922b63b9c75120793b0253e6333d8	D_0__Bacteria	D_1__Proteobacteria	D_2__Alphaproteobacteria	D_3__Rhizobiales	D_4__Rhizobiaceae	D_5__Roseitalea
e0cc6a95596c1068ec99eb67cea8d93e	D_0__Bacteria	D_1__Proteobacteria	D_2__Gammaproteobacteria	D_3__Alteromonadales	D_4__Marinobacteraceae	D_5__Marinobacter
6d0a18123e6bd52bda837536f6d746b1	D_0__Bacteria	D_1__Proteobacteria	D_2__Alphaproteobacteria	D_3__Rhodovibrionales	D_4__Fodinicurvataceae	D_5__Fodinicurvata
6010c7e8b2b93455d870f882ffddac07	D_0__Bacteria	D_1__Bacteroidetes	D_2__Rhodothermia	D_3__Balneolales	D_4__Balneolaceae	D_5__Balneola	D_6__uncultured Bacteroidetes bacterium
a8b0c43a97beba8cacc5ac1cc9ddf535	D_0__Bacteria	D_1__Proteobacteria	D_2__Gammaproteobacteria	D_3__Oceanospirillales	D_4__Pseudohongiellaceae	D_5__Pseudohongiella
9f49f28ccf18f75c59c871609e4cf1dc	D_0__Bacteria	D_1__Bacteroidetes	D_2__Bacteroidia	D_3__Cytophagales	D_4__Cyclobacteriaceae	D_5__Roseivirga	D_6__marine metagenome
7039199873c3aa412c9375cc67833f9f	D_0__Bacteria	D_1__Proteobacteria	D_2__Gammaproteobacteria	D_3__Beggiatoales	D_4__Beggiatoaceae	D_5__uncultured	D_6__uncultured bacterium
9d265638e0d929ec91df95c7917f8709	D_0__Bacteria	D_1__Proteobacteria	D_2__Deltaproteobacteria	D_3__NB1-j
ba064f4886de1cd64ee5bf2b0c977e36	D_0__Bacteria	D_1__Proteobacteria	D_2__Alphaproteobacteria	D_3__Rhodobacterales	D_4__Rhodobacteraceae
5fd31ff146ae0889f19a3bf52a33429c	D_0__Bacteria	D_1__Proteobacteria	D_2__Gammaproteobacteria	D_3__Betaproteobacteriales	D_4__Burkholderiaceae	D_5__Pelomonas
e21a28579ae4ee97526c7706cfd391ef	D_0__Bacteria	D_1__Proteobacteria	D_2__Alphaproteobacteria	D_3__Rhodobacterales	D_4__Rhodobacteraceae
d73eba64d439233fc113bbdcc0cf2515	D_0__Bacteria	D_1__Proteobacteria	D_2__Alphaproteobacteria	D_3__Rhizobiales	D_4__Beijerinckiaceae	D_5__Methylobacterium	D_6__Methylobacterium radiotolerans
3fbfe49c7810378593d5c488e9c8bb6b	D_0__Bacteria	D_1__Proteobacteria	D_2__Gammaproteobacteria	D_3__Oceanospirillales	D_4__Pseudohongiellaceae	D_5__Pseudohongiella	D_6__uncultured gamma proteobacterium
b183484b27100c324a56d92bd2914788	D_0__Bacteria	D_1__Chlamydiae	D_2__Chlamydiae	D_3__Chlamydiales	D_4__Simkaniaceae
bb649e9e1e3da37f1bf0afc79e43e362	D_0__Bacteria	D_1__Bacteroidetes	D_2__Bacteroidia	D_3__Cytophagales	D_4__Cyclobacteriaceae	D_5__Marinoscillum	D_6__uncultured organism
b0fc3b9d9e967ac49ff7e0e6a36b6040	D_0__Bacteria	D_1__Proteobacteria	D_2__Gammaproteobacteria	D_3__KI89A clade	D_4__uncultured bacterium	D_5__uncultured bacterium	D_6__uncultured bacterium
9575ad11d3229ca85dd0d6172c82aec7	D_0__Bacteria	D_1__Bacteroidetes	D_2__Bacteroidia	D_3__Sphingobacteriales	D_4__NS11-12 marine group	D_5__uncultured bacterium	D_6__uncultured bacterium
c45db55927c575695ebf7692495d0ec4	D_0__Bacteria	D_1__Proteobacteria	D_2__Alphaproteobacteria	D_3__Sphingomonadales	D_4__Sphingomonadaceae	D_5__Sphingomonas
8288064861895204c870e09e92cc44c5	D_0__Bacteria	D_1__Proteobacteria	D_2__Alphaproteobacteria	D_3__Rhodobacterales	D_4__Rhodobacteraceae	D_5__Roseovarius
cd2df209823dcc6081be6bdfbb2518e1	D_0__Bacteria	D_1__Proteobacteria	D_2__Alphaproteobacteria	D_3__Rhizobiales	D_4__Hyphomicrobiaceae	D_5__Hyphomicrobium	D_6__Hyphomicrobium zavarzinii ATCC 27496
8dfd8c08002831fc76484bbb45909035	D_0__Bacteria	D_1__Actinobacteria	D_2__Actinobacteria	D_3__Micrococcales	D_4__Microbacteriaceae	D_5__ML602J-51
324499b03d46622141270fc634500ef1	D_0__Bacteria	D_1__Proteobacteria	D_2__Gammaproteobacteria	D_3__Alteromonadales	D_4__Alteromonadaceae
7c252945732bfe71e4755ff54c044c69	D_0__Bacteria	D_1__Proteobacteria	D_2__Alphaproteobacteria	D_3__Caulobacterales	D_4__Hyphomonadaceae	D_5__Hirschia	D_6__uncultured bacterium
561db51c802b8e201b70742658a553ea	D_0__Bacteria	D_1__Bacteroidetes	D_2__Rhodothermia	D_3__Balneolales	D_4__Balneolaceae	D_5__Balneola	D_6__uncultured bacterium
e233c324055b1ddef104c19d883a87e1	D_0__Bacteria	D_1__Planctomycetes	D_2__Planctomycetacia	D_3__Pirellulales	D_4__Pirellulaceae	D_5__Blastopirellula	D_6__uncultured bacterium
6f4d9a1bcd9ad21dd6200d32f396f4fd	D_0__Bacteria	D_1__Acidobacteria	D_2__Acidobacteriia	D_3__Solibacterales	D_4__Solibacteraceae (Subgroup 3)	D_5__PAUC26f	D_6__uncultured bacterium
53d7393432a289901ed7c5100c37fef7	D_0__Bacteria	D_1__Planctomycetes	D_2__Phycisphaerae	D_3__Phycisphaerales	D_4__Phycisphaeraceae	D_5__SM1A02	D_6__uncultured bacterium
5f303d5361eaea06168f2dd3aae55a2f	D_0__Bacteria	D_1__Actinobacteria	D_2__Actinobacteria	D_3__Propionibacteriales	D_4__Propionibacteriaceae	D_5__Cutibacterium
109a82095490d1e67a023e473591d872	D_0__Bacteria	D_1__Proteobacteria	D_2__Alphaproteobacteria	D_3__Sneathiellales	D_4__Sneathiellaceae	D_5__AT-s3-44	D_6__uncultured bacterium
79fea7073a32159fbf592c02ee449582	D_0__Bacteria	D_1__Proteobacteria	D_2__Gammaproteobacteria	D_3__Betaproteobacteriales	D_4__Burkholderiaceae	D_5__Ralstonia
8fb7c34e9774e0623654d0d5b37d51f7	D_0__Bacteria	D_1__Proteobacteria	D_2__Alphaproteobacteria	D_3__Rhodobacterales	D_4__Rhodobacteraceae
0e43256777faa593680ecb53e574ae14	D_0__Bacteria	D_1__Bacteroidetes	D_2__Bacteroidia	D_3__Chitinophagales	D_4__Saprospiraceae	D_5__Lewinella	D_6__Cladosiphon okamuranus
0ee3fd5b0ed7a3f38211189817afcdc0	D_0__Bacteria	D_1__Proteobacteria	D_2__Gammaproteobacteria	D_3__Oceanospirillales	D_4__Alcanivoracaceae	D_5__Alcanivorax	D_6__uncultured Alcanivorax sp.
74fb31a67c27e79ae7343419adcbecf0	D_0__Bacteria	D_1__Proteobacteria	D_2__Gammaproteobacteria	D_3__Tenderiales	D_4__Tenderiaceae	D_5__Candidatus Tenderia	D_6__uncultured gamma proteobacterium
2c9bb3779d44e697f40fdb70a7034d6a	D_0__Bacteria	D_1__Proteobacteria	D_2__Alphaproteobacteria	D_3__uncultured	D_4__uncultured Rhodobacteraceae bacterium	D_5__uncultured Rhodobacteraceae bacterium	D_6__uncultured Rhodobacteraceae bacterium
1e08896cc0236fcda5a2cc606ea7d717	D_0__Bacteria	D_1__Planctomycetes	D_2__Planctomycetacia	D_3__Planctomycetales
f3f3bf433a74838733ab602364a5edf8	D_0__Bacteria	D_1__Bacteroidetes	D_2__Bacteroidia	D_3__Flavobacteriales	D_4__Cryomorphaceae	D_5__Owenweeksia
0a9303fb954fea1ec28e4089d50256d1	D_0__Bacteria	D_1__Bacteroidetes	D_2__Bacteroidia	D_3__Flavobacteriales	D_4__Crocinitomicaceae	D_5__Crocinitomix	D_6__uncultured bacterium
108551344514b94c31ce38aa4bb8ecd5	D_0__Bacteria	D_1__Proteobacteria	D_2__Alphaproteobacteria	D_3__Rhodobacterales	D_4__Rhodobacteraceae
f8a334f83071cc0faf9939dbd2ade44d	D_0__Bacteria	D_1__Proteobacteria	D_2__Gammaproteobacteria	D_3__Salinisphaerales	D_4__Algiphilaceae	D_5__Algiphilus	D_6__uncultured bacterium
f6740eba1f4ca894ce794c0ec29ff1a1	D_0__Bacteria	D_1__Bacteroidetes	D_2__Bacteroidia	D_3__Flavobacteriales	D_4__Flavobacteriaceae	D_5__Costertonia	D_6__Chromera velia
98a67975fa0ba71cb70c0246a092fc0b	D_0__Bacteria	D_1__Planctomycetes	D_2__Planctomycetacia	D_3__Pirellulales	D_4__Pirellulaceae	D_5__Pir4 lineage
7fb6c047c3624aaed46e406b1983ddd0	D_0__Bacteria	D_1__Planctomycetes	D_2__Phycisphaerae	D_3__Phycisphaerales	D_4__Phycisphaeraceae	D_5__SM1A02	D_6__Gambierdiscus polynesiensis
a532655ad529fcfbf83b0c2a00b22530	D_0__Bacteria	D_1__Proteobacteria	D_2__Alphaproteobacteria	D_3__Sphingomonadales	D_4__Sphingomonadaceae	D_5__Sphingomonas
22404c2ffeb0eb07b367869f2986642d	D_0__Bacteria	D_1__Proteobacteria	D_2__Gammaproteobacteria	D_3__Salinisphaerales	D_4__Solimonadaceae	D_5__Oceanococcus
5cf990527d1112ded4623b896d0c8a13	D_0__Bacteria	D_1__Proteobacteria	D_2__Gammaproteobacteria	D_3__Cellvibrionales	D_4__Spongiibacteraceae	D_5__Litorivivens	D_6__Litorivivens lipolytica
451a9e9b879e836601850fe0340ca3d6	D_0__Bacteria	D_1__Proteobacteria	D_2__Alphaproteobacteria	D_3__Thalassobaculales	D_4__Thalassobaculaceae	D_5__Thalassobaculum
373d63f1aef91b8dd127d0a57d6d231d	D_0__Bacteria	D_1__Proteobacteria	D_2__Gammaproteobacteria	D_3__Betaproteobacteriales	D_4__Burkholderiaceae	D_5__Caldimonas	D_6__Caldimonas taiwanensis NBRC 104434
b6a7348c601745ee20d78d31ff026726	D_0__Bacteria	D_1__Proteobacteria	D_2__Alphaproteobacteria	D_3__Rhodobacterales	D_4__Rhodobacteraceae	D_5__Roseovarius	D_6__Roseovarius atlanticus
7e35de4c47d7a39212faf5ee00e51b9d	D_0__Bacteria	D_1__Proteobacteria	D_2__Gammaproteobacteria	D_3__Cellvibrionales	D_4__Halieaceae	D_5__Pseudohaliea	D_6__uncultured organism
ad6c330604bc96cf8584868a627c8d18	D_0__Bacteria	D_1__Bacteroidetes	D_2__Rhodothermia	D_3__Balneolales	D_4__Balneolaceae	D_5__Balneola
f635a66b208e94200b02dabb643f0e0b	D_0__Bacteria	D_1__Bacteroidetes	D_2__Bacteroidia	D_3__Cytophagales	D_4__Cyclobacteriaceae
1797785098475f6f1699513f8c6c1900	D_0__Bacteria	D_1__Proteobacteria	D_2__Alphaproteobacteria	D_3__Rhodospirillales	D_4__Magnetospiraceae	D_5__uncultured
d281f493228a6ab4facf8012f482b41f	D_0__Bacteria	D_1__Proteobacteria	D_2__Gammaproteobacteria	D_3__Betaproteobacteriales	D_4__Rhodocyclaceae	D_5__uncultured	D_6__uncultured bacterium
589f16bb11017358b8fce0b30ff6b4e1	D_0__Bacteria	D_1__Proteobacteria	D_2__Alphaproteobacteria	D_3__Rhizobiales	D_4__Xanthobacteraceae	D_5__alpha proteobacterium CRIB-04	D_6__alpha proteobacterium CRIB-04
f22a879b2553520615903b836282ef90	D_0__Bacteria	D_1__Proteobacteria	D_2__Gammaproteobacteria	D_3__Salinisphaerales	D_4__Solimonadaceae	D_5__Polycyclovorans	D_6__uncultured gamma proteobacterium
bc68f3488fa9d625af38851ba8f51ebd	D_0__Bacteria	D_1__Proteobacteria	D_2__Gammaproteobacteria	D_3__CCM19a	D_4__uncultured soil bacterium	D_5__uncultured soil bacterium	D_6__uncultured soil bacterium
acd191a5f307d0579b3126166f102435	D_0__Bacteria	D_1__Proteobacteria	D_2__Gammaproteobacteria	D_3__Xanthomonadales	D_4__Xanthomonadaceae	D_5__Stenotrophomonas
13cd4fa0b3eb58c10937d1221431e10c	D_0__Bacteria	D_1__Proteobacteria	D_2__Alphaproteobacteria	D_3__Rhodovibrionales	D_4__Kiloniellaceae	D_5__Pelagibius	D_6__uncultured alpha proteobacterium
3212476c28e91858b27ad05c4ca4d1b8	D_0__Bacteria	D_1__Bacteroidetes	D_2__Rhodothermia	D_3__Balneolales	D_4__Balneolaceae	D_5__Balneola	D_6__uncultured bacterium
a799b6347eed328bc2413d8df13381a5	D_0__Bacteria	D_1__Proteobacteria	D_2__Gammaproteobacteria	D_3__Alteromonadales	D_4__Alteromonadaceae	D_5__Alteromonas
007861cf4357c84116e647b68ab1bf30	D_0__Bacteria	D_1__Actinobacteria	D_2__Actinobacteria	D_3__Micrococcales	D_4__Micrococcaceae	D_5__Micrococcus
6541c8195b9a827da2871375b9eec820	D_0__Bacteria	D_1__Proteobacteria	D_2__Deltaproteobacteria	D_3__Bradymonadales	D_4__uncultured bacterium	D_5__uncultured bacterium	D_6__uncultured bacterium
6b7e8202734dbdb49175ac49c83fb567	D_0__Bacteria	D_1__Proteobacteria	D_2__Gammaproteobacteria	D_3__Betaproteobacteriales	D_4__TRA3-20
3ec792962f2e7f56f412817cbcf45113	D_0__Bacteria	D_1__Proteobacteria	D_2__Alphaproteobacteria	D_3__Rhodobacterales	D_4__Rhodobacteraceae
4bba628dfc3ca5d5ef180395ef3ffd84	D_0__Bacteria	D_1__Proteobacteria	D_2__Alphaproteobacteria	D_3__Rhizobiales	D_4__Beijerinckiaceae	D_5__Methylobacterium	D_6__Methylobacterium aquaticum
b795f2a86a9995ec9228faeab179c415	D_0__Bacteria	D_1__Proteobacteria	D_2__Alphaproteobacteria	D_3__Rhodobacterales	D_4__Rhodobacteraceae
51c8ee740deadef097e152b12cbfdafa	D_0__Bacteria	D_1__Proteobacteria	D_2__Alphaproteobacteria	D_3__Caulobacterales	D_4__Parvularculaceae	D_5__uncultured	D_6__uncultured bacterium
f5b312cdd8857d4ca022de5cf3c39cce	D_0__Bacteria	D_1__Bacteroidetes	D_2__Bacteroidia	D_3__Cytophagales	D_4__Cyclobacteriaceae	D_5__Marinoscillum	D_6__bacterium DG873
2a624b98968c7e4bcee6765791143be6	D_0__Bacteria	D_1__Proteobacteria	D_2__Gammaproteobacteria	D_3__Betaproteobacteriales	D_4__Burkholderiaceae	D_5__Schlegelella	D_6__uncultured bacterium
4e74e2a99da77e7dc5bb114af0d28c13	D_0__Bacteria	D_1__Proteobacteria	D_2__Alphaproteobacteria	D_3__Caulobacterales	D_4__Caulobacteraceae
5d670367b4077c185ccd763d0f6d09b9	D_0__Bacteria	D_1__Proteobacteria	D_2__Alphaproteobacteria	D_3__Rhizobiales	D_4__Rhizobiaceae	D_5__Mesorhizobium	D_6__Mesorhizobium amorphae
3a923ceadde4506328d0e352a3027a75	D_0__Bacteria	D_1__Proteobacteria	D_2__Alphaproteobacteria	D_3__Caulobacterales	D_4__Hyphomonadaceae	D_5__uncultured	D_6__Cladosiphon okamuranus
2e371beb95bfbb6eb92ccd5987360ca4	D_0__Bacteria	D_1__Proteobacteria	D_2__Alphaproteobacteria	D_3__Rhizobiales	D_4__Stappiaceae	D_5__Labrenzia
051e6f002c01b9a4a91ea9a26ed3bdd5	D_0__Bacteria	D_1__Actinobacteria	D_2__Thermoleophilia	D_3__Gaiellales	D_4__Gaiellaceae	D_5__Gaiella	D_6__Gaiella occulta
f6b4bcf2631b590cd73cea6a64d07254	D_0__Bacteria	D_1__Proteobacteria	D_2__Gammaproteobacteria	D_3__Pseudomonadales	D_4__Pseudomonadaceae	D_5__Pseudomonas
49fc41d6d2d9b9682cd3acaed49354c0	D_0__Bacteria	D_1__Proteobacteria	D_2__Alphaproteobacteria	D_3__Rhodospirillales	D_4__Magnetospiraceae	D_5__uncultured
3279542fb9c75a46df4a17f32bc11315	D_0__Bacteria	D_1__Bacteroidetes	D_2__Rhodothermia	D_3__Balneolales	D_4__Balneolaceae	D_5__Balneola
62bb26499420b040ce905af739b757f9	D_0__Bacteria	D_1__Proteobacteria	D_2__Alphaproteobacteria	D_3__Rhizobiales	D_4__Xanthobacteraceae	D_5__Bradyrhizobium
dcaefdcb8b4ffc2a44d7271e2e5ac6e0	D_0__Bacteria	D_1__Bacteroidetes	D_2__Rhodothermia	D_3__Balneolales	D_4__Balneolaceae	D_5__Gracilimonas	D_6__uncultured bacterium
4b5a0888230a2f16586b9ef51b73ebcf	D_0__Bacteria	D_1__Bacteroidetes	D_2__Bacteroidia	D_3__Flavobacteriales	D_4__Flavobacteriaceae	D_5__Nonlabens
1fec16f605a3f8bb54b69d4727ce2089	D_0__Bacteria	D_1__Actinobacteria	D_2__Acidimicrobiia	D_3__Microtrichales	D_4__Ilumatobacteraceae	D_5__Ilumatobacter
ab16548aa6887db45c3b0c3c970c88ba	D_0__Bacteria	D_1__Proteobacteria	D_2__Gammaproteobacteria	D_3__Alteromonadales	D_4__Alteromonadaceae	D_5__Alteromonas
95d60b331c7a7d87840d14dcbe61377c	D_0__Bacteria	D_1__Proteobacteria	D_2__Gammaproteobacteria	D_3__Legionellales	D_4__Legionellaceae	D_5__Legionella	D_6__uncultured Legionellales bacterium
18c6d4c298273836b7090b6f25db2cee	D_0__Bacteria	D_1__Proteobacteria	D_2__Alphaproteobacteria	D_3__Rhodospirillales	D_4__Magnetospiraceae	D_5__uncultured	D_6__uncultured bacterium
613a6844484c3b2f90d38399d2698624	D_0__Bacteria	D_1__Proteobacteria	D_2__Gammaproteobacteria	D_3__Vibrionales	D_4__Vibrionaceae	D_5__Vibrio
3e9ab733a7f72aac7221b18d730a800b	D_0__Bacteria	D_1__Proteobacteria	D_2__Alphaproteobacteria	D_3__Rhodobacterales	D_4__Rhodobacteraceae	D_5__Sulfitobacter	D_6__uncultured bacterium
c9c8347e752c8c49b1062ab8654af328	D_0__Bacteria	D_1__Proteobacteria	D_2__Alphaproteobacteria	D_3__Sphingomonadales	D_4__Sphingomonadaceae	D_5__Erythrobacter
9da0792d84ca0d713bfae0941f4d46d1	D_0__Bacteria	D_1__Proteobacteria	D_2__Alphaproteobacteria	D_3__Sphingomonadales	D_4__Sphingomonadaceae	D_5__Sphingomonas
a65dd02e485836751bf53842fe74dfb2	D_0__Bacteria	D_1__Proteobacteria	D_2__Alphaproteobacteria	D_3__Rhizobiales	D_4__Xanthobacteraceae
541fd025295142ce763abeeecf0be3fe	D_0__Bacteria	D_1__Proteobacteria	D_2__Gammaproteobacteria	D_3__OM182 clade	D_4__uncultured gamma proteobacterium	D_5__uncultured gamma proteobacterium	D_6__uncultured gamma proteobacterium
285551323b9651448805adf804ab162b	D_0__Bacteria	D_1__Proteobacteria	D_2__Alphaproteobacteria	D_3__Rhizobiales	D_4__Rhizobiales Incertae Sedis	D_5__Phreatobacter	D_6__uncultured bacterium
ae8a6381f4e78d50e3fad0e2faad8ea0	D_0__Bacteria	D_1__Proteobacteria	D_2__Gammaproteobacteria	D_3__Vibrionales	D_4__Vibrionaceae	D_5__Vibrio
6e66e5a33c88b717209a111b941874d9	D_0__Bacteria	D_1__Proteobacteria	D_2__Alphaproteobacteria	D_3__Rhodospirillales	D_4__Rhodospirillaceae	D_5__uncultured	D_6__uncultured alpha proteobacterium
ac3157af1e921ae067030f47ae86ceb8	D_0__Bacteria	D_1__Proteobacteria	D_2__Alphaproteobacteria	D_3__Rhodospirillales	D_4__Terasakiellaceae	D_5__uncultured	D_6__alpha proteobacterium N2yML5
a43cc15d35c5f4cf5db945c8b532c680	D_0__Bacteria	D_1__Proteobacteria	D_2__Alphaproteobacteria	D_3__Rhizobiales	D_4__Xanthobacteraceae	D_5__Bradyrhizobium
c2709a3029631383b70c508b9132efce	D_0__Bacteria	D_1__Proteobacteria	D_2__Gammaproteobacteria	D_3__Oceanospirillales	D_4__Pseudohongiellaceae	D_5__Pseudohongiella
3508429a57d12c4c2fadb39ef3267223	D_0__Bacteria	D_1__Bacteroidetes	D_2__Bacteroidia	D_3__Flavobacteriales	D_4__Weeksellaceae	D_5__Cloacibacterium	D_6__uncultured bacterium
61d1f9225786f2ceebbbabe2ac29ae34	D_0__Bacteria	D_1__Proteobacteria	D_2__Gammaproteobacteria	D_3__pItb-vmat-80
8e576c983ab304f2fed78c8f94cd96c5	D_0__Bacteria	D_1__Actinobacteria	D_2__Actinobacteria	D_3__Corynebacteriales	D_4__Corynebacteriaceae	D_5__Corynebacterium 1
8881a2e2e4b4b89ee17f499feb586b7f	D_0__Bacteria	D_1__Planctomycetes	D_2__Planctomycetacia	D_3__Pirellulales	D_4__Pirellulaceae
029494b31a26e5a405bfc6a25703b482	D_0__Bacteria	D_1__Proteobacteria	D_2__Gammaproteobacteria	D_3__Betaproteobacteriales	D_4__Burkholderiaceae	D_5__Aquabacterium
77de32472d907f59edbc7739914d24fe	D_0__Bacteria	D_1__Proteobacteria	D_2__Alphaproteobacteria	D_3__Rhizobiales	D_4__Rhizobiaceae	D_5__Nitratireductor
2a8952998f52f8fe389a58e6ff1d4fc1	D_0__Bacteria	D_1__Proteobacteria	D_2__Alphaproteobacteria	D_3__Sphingomonadales	D_4__Sphingomonadaceae	D_5__Sphingomonas
7f2eb7d495e43e3965b9124f987b3404	D_0__Bacteria	D_1__Bacteroidetes	D_2__Bacteroidia	D_3__Flavobacteriales	D_4__Weeksellaceae	D_5__Chryseobacterium
d46f7f5bd2541806d2f2487c4574db37	D_0__Bacteria	D_1__Proteobacteria	D_2__Alphaproteobacteria	D_3__Rhizobiales	D_4__Hyphomicrobiaceae	D_5__Pedomicrobium
996bf382bc0edb720821e46deb8db1a1	D_0__Bacteria	D_1__Firmicutes	D_2__Bacilli	D_3__Bacillales	D_4__Paenibacillaceae	D_5__Brevibacillus
892aba51a90c42c52ce7a41e5e9b60f7	D_0__Bacteria	D_1__Proteobacteria	D_2__Alphaproteobacteria	D_3__Rhizobiales	D_4__Beijerinckiaceae	D_5__Methylobacterium	D_6__Methylobacterium podarium
036c25714c3a550c732bb3fb065c2637	D_0__Bacteria	D_1__Proteobacteria	D_2__Gammaproteobacteria	D_3__Betaproteobacteriales	D_4__Burkholderiaceae	D_5__Cupriavidus
3602956f6d798ebbfc8ddcdb30be49e4	D_0__Bacteria	D_1__Proteobacteria	D_2__Gammaproteobacteria	D_3__Cellvibrionales	D_4__BD2-7	D_5__uncultured bacterium	D_6__uncultured bacterium
daf49e744afef856d43dd68ab1c77597	D_0__Bacteria	D_1__Proteobacteria	D_2__Alphaproteobacteria	D_3__Rhizobiales	D_4__Devosiaceae	D_5__Devosia
60153c59b79cdfdcf925509f2536328c	D_0__Bacteria	D_1__Acidobacteria	D_2__Blastocatellia (Subgroup 4)	D_3__Blastocatellales	D_4__Blastocatellaceae	D_5__uncultured	D_6__metagenome
a88d464e2dc119f35da36a92a9feb102	D_0__Bacteria	D_1__Bacteroidetes	D_2__Bacteroidia	D_3__Bacteroidales	D_4__Prevotellaceae
046c39287b7b0bd4d26e801bcb78e8da	D_0__Bacteria	D_1__Proteobacteria	D_2__Alphaproteobacteria	D_3__Sphingomonadales	D_4__Sphingomonadaceae	D_5__Sphingobium	D_6__Sphingobium yanoikuyae
5767d3b7b70e45731f7a7a51bde36dcc	D_0__Bacteria	D_1__Proteobacteria	D_2__Gammaproteobacteria	D_3__Cellvibrionales	D_4__BD2-7	D_5__uncultured organism	D_6__uncultured organism
0ca1c43055c9b29493d5287fcb68a953	D_0__Bacteria	D_1__Proteobacteria	D_2__Deltaproteobacteria	D_3__NB1-j	D_4__uncultured organism	D_5__uncultured organism	D_6__uncultured organism
d9e2d4bd4bdacdcf4416690835ddab16	D_0__Bacteria	D_1__Proteobacteria	D_2__Alphaproteobacteria	D_3__Rhodobacterales	D_4__Rhodobacteraceae	D_5__Roseovarius
6a5513b494d307e1c4276ff4a6da1d8b	D_0__Bacteria	D_1__Proteobacteria	D_2__Alphaproteobacteria	D_3__Rhodobacterales	D_4__Rhodobacteraceae	D_5__Roseibacterium	D_6__uncultured marine bacterium
387a25b09a6471722afd0ea61206447f	D_0__Bacteria	D_1__Proteobacteria	D_2__Alphaproteobacteria	D_3__Rhizobiales	D_4__Xanthobacteraceae	D_5__Afipia
e3c9fb8d8e882e9f6d98ff1d7c32f03f	D_0__Bacteria	D_1__Proteobacteria	D_2__Gammaproteobacteria	D_3__Alteromonadales	D_4__Alteromonadaceae
54ee21b49c924e03ffba8379ad8588a0	D_0__Bacteria	D_1__Proteobacteria	D_2__Gammaproteobacteria	D_3__Betaproteobacteriales	D_4__Burkholderiaceae	D_5__Variovorax
26a930ff8d7ae487ae9b3beaf07b53ca	D_0__Bacteria	D_1__Proteobacteria	D_2__Gammaproteobacteria	D_3__Vibrionales	D_4__Vibrionaceae	D_5__Vibrio
8402687536a2b16b84ed72fbc63b9988	D_0__Bacteria	D_1__Proteobacteria	D_2__Gammaproteobacteria	D_3__Vibrionales	D_4__Vibrionaceae	D_5__Vibrio
528ce41b79765564add2c3331f7189c2	D_0__Bacteria	D_1__Proteobacteria	D_2__Alphaproteobacteria	D_3__Sphingomonadales	D_4__Sphingomonadaceae	D_5__Erythrobacter
3e5f55cd87a83bb597418d70c74c4284	D_0__Bacteria	D_1__Proteobacteria	D_2__Alphaproteobacteria	D_3__Rhodobacterales	D_4__Rhodobacteraceae
1c51488f1b8cfda5b2789557d65eeab0	D_0__Bacteria	D_1__Actinobacteria	D_2__Actinobacteria	D_3__Corynebacteriales	D_4__Corynebacteriaceae	D_5__Corynebacterium 1
5f3313a256b6f08ce34897fdd5b2fd5c	D_0__Bacteria	D_1__Bacteroidetes	D_2__Bacteroidia	D_3__Cytophagales	D_4__Cyclobacteriaceae
de77bd1dacea07f55f850875a26e2c8a	D_0__Bacteria	D_1__Firmicutes	D_2__Bacilli	D_3__Bacillales	D_4__Paenibacillaceae	D_5__Brevibacillus
60c42e0d74ffcafec1ff5f25ad485f6c	D_0__Bacteria	D_1__Proteobacteria	D_2__Alphaproteobacteria	D_3__Alphaproteobacteria Incertae Sedis	D_4__Unknown Family	D_5__Acuticoccus	D_6__uncultured alpha proteobacterium
23c65be9381ebd1660fd3dca2c6985f6	D_0__Bacteria	D_1__Bacteroidetes	D_2__Bacteroidia	D_3__Cytophagales	D_4__Cyclobacteriaceae	D_5__Ekhidna	D_6__Flexibacteraceae bacterium Kor
3d3f56d15a22daca4a7ec3841a19234c	D_0__Bacteria	D_1__Proteobacteria	D_2__Alphaproteobacteria	D_3__Sphingomonadales	D_4__Sphingomonadaceae	D_5__Sphingobium
a9f2aa6f5d0b5633f4c184d09d385216	D_0__Bacteria	D_1__Proteobacteria	D_2__Alphaproteobacteria	D_3__Rhizobiales	D_4__Methyloligellaceae	D_5__Methyloceanibacter	D_6__uncultured bacterium
7572173b454c6aa8b1d7cc0b13e63865	D_0__Bacteria	D_1__Planctomycetes	D_2__Planctomycetacia	D_3__Pirellulales	D_4__Pirellulaceae	D_5__Pir4 lineage
0b628f76c19382d32a9a40cc14e96426	D_0__Bacteria	D_1__Actinobacteria	D_2__Actinobacteria	D_3__Micrococcales	D_4__Microbacteriaceae	D_5__Microbacterium	D_6__Microbacterium arborescens
66a1d8c55a160444d02fc2088501d8d9	D_0__Bacteria	D_1__Proteobacteria	D_2__Alphaproteobacteria	D_3__Rhizobiales	D_4__Xanthobacteraceae
8ca144199ad655306c14ba1724093bf3	D_0__Bacteria	D_1__Proteobacteria	D_2__Gammaproteobacteria	D_3__Betaproteobacteriales	D_4__Burkholderiaceae	D_5__Delftia
4533505c567aa9d4eec802f42b0818c4	D_0__Bacteria	D_1__Firmicutes	D_2__Bacilli	D_3__Bacillales	D_4__Paenibacillaceae	D_5__Brevibacillus
9d8777920562ea0c17846e963b3e9631	D_0__Bacteria	D_1__Actinobacteria	D_2__Actinobacteria	D_3__Micrococcales	D_4__Microbacteriaceae	D_5__Microbacterium
d97eac20c65882ddf6a0c5c2b01c1473	D_0__Bacteria	D_1__Proteobacteria	D_2__Alphaproteobacteria	D_3__Rhodospirillales	D_4__Terasakiellaceae	D_5__uncultured	D_6__uncultured bacterium
48707f7b2cd5f3f72f80a08d6a98d7f7	D_0__Bacteria	D_1__Proteobacteria	D_2__Gammaproteobacteria	D_3__Pseudomonadales	D_4__Pseudomonadaceae	D_5__Pseudomonas
c1ee3b99857bd895ff150a3f50d1383c	D_0__Bacteria	D_1__Proteobacteria	D_2__Gammaproteobacteria	D_3__Alteromonadales	D_4__Alteromonadaceae
af2e059e85fce34ed72f38b4d38d341c	D_0__Bacteria	D_1__Actinobacteria	D_2__Actinobacteria	D_3__Corynebacteriales	D_4__Mycobacteriaceae	D_5__Mycobacterium
2eaa6cb37bc81d721ca33752bbdc2432	D_0__Bacteria	D_1__Proteobacteria	D_2__Gammaproteobacteria	D_3__Tenderiales	D_4__Tenderiaceae	D_5__Candidatus Tenderia
8724f5e451731739ad47d0d00a32f216	D_0__Bacteria	D_1__Proteobacteria	D_2__Alphaproteobacteria	D_3__Sphingomonadales	D_4__Sphingomonadaceae	D_5__Altererythrobacter	D_6__Porphyrobacter mercurialis
0c38f608cba8193d457627b5739a6077	D_0__Bacteria	D_1__Bacteroidetes	D_2__Bacteroidia	D_3__Chitinophagales	D_4__Saprospiraceae	D_5__Lewinella	D_6__Lewinella sp. HME9359
9505092d98d1e5166609bc464d0d8cb6	D_0__Bacteria	D_1__Actinobacteria	D_2__Actinobacteria	D_3__Propionibacteriales	D_4__Propionibacteriaceae	D_5__Cutibacterium
023bc360f0f48b25606190b1ebca5fa3	D_0__Bacteria	D_1__Proteobacteria	D_2__Alphaproteobacteria	D_3__Rhodobacterales	D_4__Rhodobacteraceae	D_5__Ruegeria
1dc51a54951c7a796f1998c81cfc86dd	D_0__Bacteria	D_1__Proteobacteria	D_2__Alphaproteobacteria	D_3__Thalassobaculales	D_4__Thalassobaculaceae	D_5__Thalassobaculum	D_6__bacterium K2-12
b322430d32964488d04e33a460ec881b	D_0__Bacteria	D_1__Bacteroidetes	D_2__Bacteroidia	D_3__Flavobacteriales	D_4__Flavobacteriaceae	D_5__Muricauda
7fe77472482b3a550b77188e1c68c155	D_0__Bacteria	D_1__Proteobacteria	D_2__Alphaproteobacteria	D_3__Rhizobiales	D_4__Xanthobacteraceae	D_5__Bradyrhizobium
962ddc66edda3b1b229d818c1c732b19	D_0__Bacteria	D_1__Proteobacteria	D_2__Alphaproteobacteria	D_3__Rhodobacterales	D_4__Rhodobacteraceae	D_5__Paracoccus
cbe550b1020baab458a996605ab327a3	D_0__Bacteria	D_1__Proteobacteria	D_2__Alphaproteobacteria	D_3__Parvibaculales	D_4__uncultured	D_5__uncultured marine bacterium	D_6__uncultured marine bacterium
a940a45a95df2abea1049de94e712a87	D_0__Bacteria	D_1__Proteobacteria	D_2__Alphaproteobacteria	D_3__Rhizobiales	D_4__Beijerinckiaceae	D_5__Methylobacterium
e973225651ad0e2576c309e78b0d66cf	D_0__Bacteria	D_1__Firmicutes	D_2__Clostridia	D_3__Clostridiales	D_4__Ruminococcaceae	D_5__Ruminococcaceae UCG-008	D_6__uncultured bacterium
ad496371f4d521a7cba1b76a137c2512	D_0__Bacteria	D_1__Proteobacteria	D_2__Gammaproteobacteria	D_3__Betaproteobacteriales	D_4__Burkholderiaceae
39b4b6a1fb67502036692304c6b9cad7	D_0__Bacteria	D_1__Proteobacteria	D_2__Alphaproteobacteria	D_3__Rickettsiales	D_4__AB1	D_5__uncultured alpha proteobacterium	D_6__uncultured alpha proteobacterium
9238ce13e0e4139f8a4372880e536bc8	D_0__Bacteria	D_1__Bacteroidetes	D_2__Bacteroidia	D_3__Flavobacteriales	D_4__Flavobacteriaceae	D_5__Winogradskyella
14765764fca1aca68c6856ecfff84daf	D_0__Bacteria	D_1__Proteobacteria	D_2__Gammaproteobacteria	D_3__Betaproteobacteriales	D_4__Rhodocyclaceae	D_5__Denitratisoma
2109d0ba745230f3f6a0682381ff151a	D_0__Bacteria	D_1__Spirochaetes	D_2__Spirochaetia	D_3__Spirochaetales	D_4__Spirochaetaceae	D_5__Alkalispirochaeta	D_6__uncultured bacterium
9d1ae318ad975e9ab78fb8cfb4721c96	D_0__Bacteria	D_1__Proteobacteria	D_2__Alphaproteobacteria	D_3__Rhizobiales	D_4__Stappiaceae	D_5__Labrenzia
2d17e9a75e87ba47fbf222088cdc77dd	D_0__Bacteria	D_1__Acidobacteria	D_2__Acidobacteriia	D_3__Solibacterales	D_4__Solibacteraceae (Subgroup 3)	D_5__Bryobacter
d6addfb88b80b434e62f7242aaf525a1	D_0__Bacteria	D_1__Proteobacteria	D_2__Gammaproteobacteria	D_3__Salinisphaerales	D_4__Solimonadaceae	D_5__Polycyclovorans
56026dcc2074b0e2d14a128ffeafa106	D_0__Bacteria	D_1__Proteobacteria	D_2__Alphaproteobacteria	D_3__uncultured	D_4__uncultured Rhodobacteraceae bacterium	D_5__uncultured Rhodobacteraceae bacterium	D_6__uncultured Rhodobacteraceae bacterium
419c126c177f30785cc40be21a92bfde	D_0__Bacteria	D_1__Proteobacteria	D_2__Alphaproteobacteria	D_3__Caulobacterales	D_4__Hyphomonadaceae	D_5__Henriciella	D_6__uncultured bacterium
80c56663de21f622e4c938b683efe60b	D_0__Bacteria	D_1__Proteobacteria	D_2__Alphaproteobacteria	D_3__Rhizobiales	D_4__Beijerinckiaceae	D_5__Methylobacterium	D_6__Methylobacterium platani
4af1be2916c45a28616409e12afe0c00	D_0__Bacteria	D_1__Proteobacteria	D_2__Alphaproteobacteria	D_3__Rhizobiales	D_4__Rhizobiaceae	D_5__uncultured	D_6__uncultured Sinorhizobium sp.
ebaec060534d66d0784ce646794a1cf5	D_0__Bacteria	D_1__Proteobacteria	D_2__Alphaproteobacteria	D_3__Rhodospirillales	D_4__Terasakiellaceae	D_5__uncultured	D_6__uncultured Rhodospirillales bacterium
8f87771ef03a96ee777a383943512899	D_0__Bacteria	D_1__Firmicutes	D_2__Clostridia	D_3__Clostridiales	D_4__Lachnospiraceae	D_5__Lachnospiraceae FCS020 group	D_6__uncultured Lachnospiraceae bacterium
154d6026d3caca74ceed84f19a411cfd	D_0__Bacteria	D_1__Proteobacteria	D_2__Alphaproteobacteria	D_3__Rhodobacterales	D_4__Rhodobacteraceae
c607ca463908d557ed7f1bb817c7246f	D_0__Bacteria	D_1__Gemmatimonadetes	D_2__BD2-11 terrestrial group	D_3__uncultured Gemmatimonadetes bacterium	D_4__uncultured Gemmatimonadetes bacterium	D_5__uncultured Gemmatimonadetes bacterium	D_6__uncultured Gemmatimonadetes bacterium
4f125bfb75b79700f21c5bef291334d0	D_0__Bacteria	D_1__Proteobacteria	D_2__Gammaproteobacteria	D_3__Betaproteobacteriales	D_4__Burkholderiaceae	D_5__Aquabacterium
440d96ee2fc59d557b6a72c48f503016	D_0__Bacteria	D_1__Proteobacteria	D_2__Gammaproteobacteria	D_3__Cellvibrionales
284fdf2bd0470394cb34f8b7e7c0ac91	D_0__Bacteria	D_1__Proteobacteria	D_2__Gammaproteobacteria	D_3__Alteromonadales	D_4__Alteromonadaceae	D_5__Alteromonas
2fddc61798c3c1cc29dc8d7e53bbc6ab	D_0__Bacteria	D_1__Actinobacteria	D_2__Actinobacteria	D_3__Corynebacteriales	D_4__Corynebacteriaceae	D_5__Corynebacterium 1	D_6__uncultured bacterium
e38a22fa1b6d18269bb95fea95b2a4ea	D_0__Bacteria	D_1__Proteobacteria	D_2__Gammaproteobacteria	D_3__Salinisphaerales	D_4__Solimonadaceae	D_5__Solimonas	D_6__uncultured bacterium
2ba7c21b51af29b95934ef7325f080ab	D_0__Bacteria	D_1__Actinobacteria	D_2__Thermoleophilia	D_3__Gaiellales	D_4__uncultured
d91c65631052fb93b7b7d4abd4f538a6	D_0__Bacteria	D_1__Proteobacteria	D_2__Alphaproteobacteria	D_3__Sneathiellales	D_4__Sneathiellaceae	D_5__Ferrovibrio	D_6__uncultured bacterium
9b76ec08162c5cc6ff9f43e823de6211	D_0__Bacteria	D_1__Proteobacteria	D_2__Alphaproteobacteria	D_3__Rhodospirillales	D_4__Magnetospiraceae	D_5__Magnetospira	D_6__alpha proteobacterium NH6-6
53818a706e38c1584f139d2f90fbd8df	D_0__Bacteria	D_1__Proteobacteria	D_2__Alphaproteobacteria	D_3__Rhodobacterales	D_4__Rhodobacteraceae
3e4dbc68b7d2b977e16f6385711f74d8	D_0__Bacteria	D_1__Planctomycetes	D_2__Planctomycetacia	D_3__Pirellulales	D_4__Pirellulaceae	D_5__Pir4 lineage	D_6__Symbiodinium sp. A1
8dcda56fb79df16c4995bc5b5ce6053a	D_0__Bacteria	D_1__Proteobacteria	D_2__Gammaproteobacteria	D_3__Pseudomonadales	D_4__Moraxellaceae	D_5__Acinetobacter
2835f782db71c30a486cfec13cd32a0e	D_0__Bacteria	D_1__Bacteroidetes	D_2__Rhodothermia	D_3__Balneolales	D_4__Balneolaceae	D_5__Gracilimonas	D_6__Gracilimonas tropica DSM 19535
0a6717aa74c45780487b407128fb331f	D_0__Bacteria	D_1__Firmicutes	D_2__Bacilli	D_3__Bacillales	D_4__Bacillaceae	D_5__Geobacillus
04fd4bd5e271052cbc3452564c7fbc76	D_0__Bacteria	D_1__Proteobacteria	D_2__Gammaproteobacteria	D_3__Pseudomonadales	D_4__Moraxellaceae	D_5__Acinetobacter
82c194bbb5bf9137d2fdd5b6f0ddd956	D_0__Bacteria	D_1__Bacteroidetes	D_2__Rhodothermia	D_3__Balneolales	D_4__Balneolaceae	D_5__Balneola	D_6__uncultured bacterium
ecc9286181730048ef8bb6b61c034c74	D_0__Bacteria	D_1__Proteobacteria	D_2__Gammaproteobacteria
0cdb75247a1dcbb4f56c0ad3fcba38df	D_0__Bacteria	D_1__Proteobacteria	D_2__Alphaproteobacteria	D_3__Rhizobiales	D_4__Beijerinckiaceae	D_5__Bosea
5638ec4de4d4ea73f9585bbdab7cfad6	D_0__Bacteria	D_1__Proteobacteria	D_2__Alphaproteobacteria	D_3__Rhodovibrionales	D_4__Kiloniellaceae	D_5__uncultured
0d0b0227d85fa5ed6bfe706e3cca094a	D_0__Bacteria	D_1__Proteobacteria	D_2__Alphaproteobacteria	D_3__Rhizobiales	D_4__Xanthobacteraceae	D_5__Afipia
af83cefb749b95f4f81f6a188c18e9db	D_0__Bacteria	D_1__Proteobacteria	D_2__Deltaproteobacteria	D_3__Oligoflexales	D_4__0319-6G20	D_5__uncultured Roseobacter sp.	D_6__uncultured Roseobacter sp.
cc6033ab364ae2a9ea0f956815009914	D_0__Bacteria	D_1__Proteobacteria	D_2__Alphaproteobacteria	D_3__Parvibaculales	D_4__Parvibaculaceae	D_5__Parvibaculum
511742440dc573272f2491598f5855c0	D_0__Bacteria	D_1__Proteobacteria	D_2__Alphaproteobacteria	D_3__Rhizobiales	D_4__Rhizobiales Incertae Sedis	D_5__Phreatobacter
6a32be47835e174c6854b8307018c78a	D_0__Bacteria	D_1__Proteobacteria	D_2__Gammaproteobacteria	D_3__Pseudomonadales	D_4__Moraxellaceae	D_5__Enhydrobacter
409c4297b9e1d103aeb703e7f4cffa41	D_0__Bacteria	D_1__Proteobacteria	D_2__Gammaproteobacteria	D_3__Alteromonadales	D_4__Alteromonadaceae	D_5__Alteromonas
06ffb21a1146c25b621a0300f6143964	D_0__Bacteria	D_1__Bacteroidetes	D_2__Bacteroidia	D_3__Flavobacteriales	D_4__Cryomorphaceae	D_5__uncultured	D_6__uncultured bacterium
4abb828b722c06cb12c764a081a69c1d	D_0__Bacteria	D_1__Proteobacteria	D_2__Gammaproteobacteria	D_3__Betaproteobacteriales	D_4__Burkholderiaceae	D_5__Leptothrix
3db5f456874d0853c2d907762d338b01	D_0__Bacteria	D_1__Proteobacteria	D_2__Alphaproteobacteria	D_3__Rhodobacterales	D_4__Rhodobacteraceae	D_5__Sulfitobacter
1f055be706628a74e9f9e48d1c91b62b	D_0__Bacteria	D_1__Proteobacteria	D_2__Gammaproteobacteria	D_3__Alteromonadales	D_4__Marinobacteraceae	D_5__Marinobacter
23f2c60db4b8eee25aa2cd690f98979b	D_0__Bacteria	D_1__Bacteroidetes	D_2__Bacteroidia	D_3__Flavobacteriales	D_4__Flavobacteriaceae	D_5__Muricauda	D_6__uncultured bacterium
05d3847f98527515d0c7b59ba5cf485e	D_0__Bacteria	D_1__Proteobacteria	D_2__Gammaproteobacteria	D_3__Betaproteobacteriales	D_4__TRA3-20
962a8d918df0a908fc5eb7dd49712ae7	D_0__Bacteria	D_1__Proteobacteria	D_2__Alphaproteobacteria	D_3__Caulobacterales	D_4__Hyphomonadaceae	D_5__Maricaulis
179db1be6a00d69e951a985f20ff6824	D_0__Bacteria	D_1__Proteobacteria	D_2__Alphaproteobacteria	D_3__NRL2	D_4__uncultured marine bacterium	D_5__uncultured marine bacterium	D_6__uncultured marine bacterium
1b49aa290721414c6f85361d4d5d24d4	D_0__Bacteria	D_1__Bacteroidetes	D_2__Bacteroidia	D_3__Cytophagales	D_4__Cyclobacteriaceae	D_5__Fulvivirga	D_6__uncultured Flexibacter sp.
c8a84e887636373024da8b588d389e6a	D_0__Bacteria	D_1__Proteobacteria	D_2__Alphaproteobacteria	D_3__Caulobacterales	D_4__Parvularculaceae
77cd18f21765bf8edab2287e1498809f	D_0__Bacteria	D_1__Proteobacteria	D_2__Gammaproteobacteria	D_3__Alteromonadales	D_4__Alteromonadaceae	D_5__Alteromonas	D_6__Alteromonas halophila
91a1a528973ddafd7afffb2bb7c8063c	D_0__Bacteria	D_1__Proteobacteria	D_2__Alphaproteobacteria	D_3__Rhodobacterales	D_4__Rhodobacteraceae
86820a07028919db0761fcdca0cdd8f0	D_0__Bacteria	D_1__Proteobacteria	D_2__Deltaproteobacteria	D_3__Myxococcales	D_4__Polyangiaceae	D_5__Pajaroellobacter
7acd8c589916a324e13cf36b9fa13258	D_0__Bacteria	D_1__Proteobacteria	D_2__Alphaproteobacteria	D_3__uncultured	D_4__uncultured marine microorganism	D_5__uncultured marine microorganism	D_6__uncultured marine microorganism
5e1680bd0acf5fa5c245f218c823a437	D_0__Bacteria	D_1__Bacteroidetes	D_2__Bacteroidia	D_3__Flavobacteriales	D_4__Cryomorphaceae	D_5__Owenweeksia	D_6__uncultured bacterium
08da88cfc658fe0b3b360a213243a747	D_0__Bacteria	D_1__Proteobacteria	D_2__Gammaproteobacteria
48d67beed258ec582dde196233fbfb39	D_0__Bacteria	D_1__Firmicutes	D_2__Bacilli	D_3__Lactobacillales	D_4__Carnobacteriaceae	D_5__Dolosigranulum	D_6__uncultured bacterium
3abccc41ece9f481a2701bd3686f1f3b	D_0__Bacteria	D_1__Proteobacteria	D_2__Alphaproteobacteria	D_3__Rhizobiales	D_4__Beijerinckiaceae	D_5__Methylobacterium	D_6__Methylobacterium tarhaniae
6a10de8e56afe56561a287fb61cf65ab	D_0__Bacteria	D_1__Proteobacteria	D_2__Alphaproteobacteria	D_3__Caulobacterales	D_4__Parvularculaceae	D_5__uncultured	D_6__uncultured bacterium
1e1d5cda3a64454986669b3b64216a98	D_0__Bacteria	D_1__Actinobacteria	D_2__Actinobacteria	D_3__Corynebacteriales	D_4__Corynebacteriaceae	D_5__Corynebacterium 1
4804bf81cce515c85f01906256087392	D_0__Bacteria	D_1__Proteobacteria	D_2__Alphaproteobacteria
9567f9bb9a62a4c2dc5c4a65351fecf2	D_0__Bacteria	D_1__Planctomycetes	D_2__Planctomycetacia	D_3__Pirellulales	D_4__Pirellulaceae	D_5__Blastopirellula
d2c5f3db0c5144fa28edff7db03c8f45	D_0__Bacteria	D_1__Proteobacteria	D_2__Alphaproteobacteria	D_3__Rhodobacterales	D_4__Rhodobacteraceae	D_5__Leisingera	D_6__uncultured bacterium
5c94f6d4e6923351ee01090a780ac745	D_0__Bacteria	D_1__Proteobacteria	D_2__Alphaproteobacteria	D_3__Thalassobaculales	D_4__uncultured	D_5__mucus bacterium 66	D_6__mucus bacterium 66
91f21ca858779df153e1d2d20f29ac26	D_0__Bacteria	D_1__Proteobacteria	D_2__Alphaproteobacteria	D_3__Rhizobiales	D_4__Methyloligellaceae	D_5__uncultured	D_6__uncultured bacterium
5662e8e49049fbb2dcc9a2e4fffd6920	D_0__Bacteria	D_1__Bacteroidetes	D_2__Bacteroidia	D_3__Cytophagales	D_4__Cyclobacteriaceae	D_5__Fabibacter
59b04afd27b41d120344bdd284ec4b00	D_0__Bacteria	D_1__Proteobacteria	D_2__Gammaproteobacteria
9e551a3e2462031c72a19fb96008ba7f	D_0__Bacteria	D_1__Bacteroidetes	D_2__Bacteroidia	D_3__Bacteroidales	D_4__uncultured	D_5__uncultured bacterium	D_6__uncultured bacterium
71cc53271ec81500ca9db9be6cc8828c	D_0__Bacteria	D_1__Proteobacteria	D_2__Alphaproteobacteria	D_3__Holosporales	D_4__Holosporaceae	D_5__uncultured	D_6__uncultured bacterium
df14e6aa1053d76aa94f047abf7ac128	D_0__Bacteria	D_1__Bacteroidetes	D_2__Bacteroidia	D_3__Flavobacteriales
e9e36d6f026cedd6f6f5b23acc5cc0f0	D_0__Bacteria	D_1__Proteobacteria	D_2__Alphaproteobacteria	D_3__Caulobacterales	D_4__Hyphomonadaceae	D_5__Hyphobacterium	D_6__uncultured bacterium
cfa24c3e7ac416900b3c71b1327ae072	D_0__Bacteria	D_1__Dadabacteria	D_2__Dadabacteriia	D_3__Dadabacteriales	D_4__uncultured candidate division SBR1093 bacterium	D_5__uncultured candidate division SBR1093 bacterium	D_6__uncultured candidate division SBR1093 bacterium
5241b211e5809161832c1c8f4ae63c84	D_0__Bacteria	D_1__Actinobacteria	D_2__Actinobacteria	D_3__Corynebacteriales	D_4__Corynebacteriaceae	D_5__Corynebacterium	D_6__Corynebacterium pyruviciproducens ATCC BAA-1742
b5aa69734e3ea9fe7bc1ceeda46307c5	D_0__Bacteria	D_1__Actinobacteria	D_2__Actinobacteria	D_3__Corynebacteriales	D_4__Corynebacteriaceae	D_5__Lawsonella	D_6__uncultured bacterium
6ac762d66c0046746a57c9ec0eb02e29	D_0__Bacteria	D_1__Proteobacteria	D_2__Deltaproteobacteria	D_3__Bdellovibrionales	D_4__Bdellovibrionaceae	D_5__Bdellovibrio	D_6__uncultured bacterium
ad98307988997f6cd3ef4f41e379a99c	D_0__Bacteria	D_1__Proteobacteria	D_2__Deltaproteobacteria
5366875428f03a7d4404c7a72781d292	D_0__Bacteria	D_1__Proteobacteria	D_2__Alphaproteobacteria	D_3__Parvibaculales	D_4__Parvibaculaceae	D_5__Candidatus Phaeomarinobacter	D_6__Candidatus Phaeomarinobacter ectocarpi
f21c3506d2d44fe21fb6c4efc0176dc2	D_0__Bacteria	D_1__Proteobacteria	D_2__Gammaproteobacteria	D_3__Betaproteobacteriales	D_4__Burkholderiaceae	D_5__Tepidimonas	D_6__uncultured bacterium
1a2b71d5855538d702af14da5fa72d2a	D_0__Bacteria	D_1__Firmicutes	D_2__Bacilli	D_3__Bacillales	D_4__Staphylococcaceae	D_5__Staphylococcus
538157253bd91529f6bde027a6c6bf10	D_0__Bacteria	D_1__Proteobacteria	D_2__Alphaproteobacteria	D_3__Rhizobiales	D_4__Xanthobacteraceae	D_5__Bradyrhizobium
116c5d943443363b52fe8000026dd331	D_0__Bacteria	D_1__Proteobacteria	D_2__Gammaproteobacteria	D_3__UBA4486	D_4__uncultured gamma proteobacterium	D_5__uncultured gamma proteobacterium	D_6__uncultured gamma proteobacterium
dc9998becbacf910e2ecfbca5ad4b347	D_0__Bacteria	D_1__Proteobacteria	D_2__Alphaproteobacteria	D_3__Caulobacterales	D_4__Hyphomonadaceae	D_5__Hyphomonas	D_6__uncultured bacterium
77a7828ec228150e049f8281f739eeec	D_0__Bacteria	D_1__Proteobacteria	D_2__Alphaproteobacteria	D_3__Rhodobacterales	D_4__Rhodobacteraceae	D_5__Roseovarius	D_6__uncultured organism
affa14418b431f3b3dd87497c7f74d56	D_0__Bacteria	D_1__Actinobacteria	D_2__Actinobacteria	D_3__Micrococcales	D_4__Dermacoccaceae	D_5__Dermacoccus
63ea22bf19d0c5ea88c5d4c2ba38f511	D_0__Bacteria	D_1__Proteobacteria	D_2__Alphaproteobacteria	D_3__Rhizobiales	D_4__Beijerinckiaceae	D_5__Methylobacterium
aa1938cb19a5bce1eaf209a30dadbb93	D_0__Bacteria	D_1__Actinobacteria	D_2__Actinobacteria	D_3__Micrococcales	D_4__Micrococcaceae	D_5__Kocuria
be075a67e7e16bfebbcacc95094fc09c	D_0__Bacteria	D_1__Proteobacteria	D_2__Alphaproteobacteria	D_3__Rhizobiales	D_4__Beijerinckiaceae	D_5__Microvirga	D_6__uncultured Balneimonas sp.
bb53676dd6e6c2823387f87f20ea52e3	D_0__Bacteria	D_1__Proteobacteria	D_2__Alphaproteobacteria	D_3__Caulobacterales	D_4__Parvularculaceae	D_5__uncultured	D_6__uncultured organism
a3160b01d9b88c4be339a6794e3aa0f8	D_0__Bacteria	D_1__Firmicutes	D_2__Bacilli	D_3__Lactobacillales	D_4__Streptococcaceae	D_5__Streptococcus	D_6__Streptococcus salivarius subsp. thermophilus
9285995242128a7e39e7f80718cb9a83	D_0__Bacteria	D_1__Proteobacteria	D_2__Alphaproteobacteria	D_3__Sphingomonadales	D_4__Sphingomonadaceae	D_5__Sphingomonas
75fbbb41d2fe2c14a19232892183c426	D_0__Bacteria	D_1__Firmicutes	D_2__Bacilli	D_3__Bacillales	D_4__Paenibacillaceae	D_5__Paenibacillus	D_6__Paenibacillus pasadenensis
79fe3108b70b976aba35b69c122919e0	D_0__Bacteria	D_1__Actinobacteria	D_2__Actinobacteria	D_3__Micrococcales	D_4__Microbacteriaceae	D_5__Microbacterium
53e27656d9771af6fe821abd5f47e7c9	D_0__Bacteria	D_1__Actinobacteria	D_2__Actinobacteria	D_3__Micrococcales	D_4__Microbacteriaceae	D_5__Microbacterium
14b91f43dd520f279fe597d8fca7656a	D_0__Bacteria	D_1__Bacteroidetes	D_2__Bacteroidia	D_3__Chitinophagales	D_4__Chitinophagaceae	D_5__Hydrotalea
fc942bcc049c30592c9674bcd32ed3a9	D_0__Bacteria	D_1__Bacteroidetes	D_2__Bacteroidia	D_3__Flavobacteriales	D_4__Cryomorphaceae	D_5__uncultured	D_6__uncultured Flavobacteriales bacterium
fee96b15c8776fa2261f95c287c6d472	D_0__Bacteria	D_1__Proteobacteria	D_2__Alphaproteobacteria	D_3__Rhodovibrionales	D_4__Kiloniellaceae	D_5__uncultured	D_6__uncultured organism
31d39763fa20bfe045368aab3d379e01	D_0__Bacteria	D_1__Dependentiae	D_2__Babeliae	D_3__Babeliales	D_4__Vermiphilaceae	D_5__uncultured bacterium	D_6__uncultured bacterium
beb30f30d41aacfbb00c7d544efc19f9	D_0__Bacteria	D_1__Proteobacteria	D_2__Gammaproteobacteria	D_3__Pseudomonadales	D_4__Pseudomonadaceae	D_5__Pseudomonas
84305e17c6b86a304fd29054bd25ccdc	D_0__Bacteria	D_1__Actinobacteria	D_2__Actinobacteria	D_3__Corynebacteriales	D_4__Mycobacteriaceae	D_5__Mycobacterium
8aec1144dbab18329da7f84ae4763ac3	D_0__Bacteria	D_1__Firmicutes	D_2__Clostridia	D_3__Clostridiales	D_4__Lachnospiraceae	D_5__Lachnospiraceae FCS020 group	D_6__uncultured Lachnospiraceae bacterium
d5df3a0c9761597ff037fdb63a3d2256	D_0__Bacteria	D_1__Firmicutes	D_2__Clostridia	D_3__Clostridiales	D_4__Lachnospiraceae	D_5__GCA-900066755	D_6__uncultured organism
debec58dad145fc8370e179e66e479b4	D_0__Bacteria	D_1__Actinobacteria	D_2__Actinobacteria	D_3__Micrococcales	D_4__Microbacteriaceae	D_5__Microbacterium
4cc4baa7a4f25b9b6a72aa0a9dd41a68	D_0__Bacteria	D_1__Bacteroidetes	D_2__Bacteroidia	D_3__Sphingobacteriales	D_4__Lentimicrobiaceae	D_5__Bacteroidetes bacterium ADurb.BinA012	D_6__Bacteroidetes bacterium ADurb.BinA012
f53696916b7662759202972237cd8710	D_0__Bacteria	D_1__Firmicutes	D_2__Clostridia	D_3__Clostridiales	D_4__Ruminococcaceae	D_5__Ruminococcaceae UCG-008
8c4d4874aac62cbd4c37130efb0e8a9a	D_0__Bacteria	D_1__Proteobacteria	D_2__Alphaproteobacteria	D_3__Sphingomonadales	D_4__Sphingomonadaceae	D_5__Novosphingobium
27e16af2b0096cb2b563b1e4b8fa0fe7	D_0__Bacteria	D_1__Actinobacteria	D_2__Actinobacteria	D_3__Micrococcales	D_4__Dermabacteraceae	D_5__Helcobacillus	D_6__uncultured bacterium
473bef56fb8b26f440a414b537dfebcb	D_0__Bacteria	D_1__Proteobacteria	D_2__Alphaproteobacteria	D_3__Rhizobiales	D_4__Beijerinckiaceae
cad4ac070aa838c79e2775924563b62c	D_0__Bacteria	D_1__Proteobacteria	D_2__Alphaproteobacteria	D_3__Rhodobacterales	D_4__Rhodobacteraceae
a8adcc17ca6998eb77222f953b625846	D_0__Bacteria	D_1__Planctomycetes	D_2__Planctomycetacia	D_3__Pirellulales	D_4__Pirellulaceae	D_5__Pirellula	D_6__uncultured planctomycete
2f8493f5ce6909b0121da4dd833e908a	D_0__Bacteria	D_1__Proteobacteria	D_2__Gammaproteobacteria	D_3__Oceanospirillales	D_4__Alcanivoracaceae	D_5__Alcanivorax
e4845c51e9eeaffd7c4b9e6f73031765	D_0__Bacteria	D_1__Proteobacteria	D_2__Alphaproteobacteria	D_3__Rhizobiales	D_4__Beijerinckiaceae	D_5__Methylobacterium
3dac23b6a271a1250ba3f168889f69ee	D_0__Bacteria	D_1__Actinobacteria	D_2__Actinobacteria	D_3__Micrococcales	D_4__Micrococcaceae	D_5__Rothia	D_6__uncultured bacterium
06d15403c97b1c314b019c93de47e5b8	D_0__Bacteria	D_1__Proteobacteria	D_2__Alphaproteobacteria	D_3__Rhizobiales	D_4__Xanthobacteraceae
7eb2bc98c0e2abf1ca012b20323500e9	D_0__Bacteria	D_1__Firmicutes	D_2__Bacilli	D_3__Bacillales	D_4__Family XII	D_5__Exiguobacterium
34073696f38ddd18e5c7c8318b4315bb	D_0__Bacteria	D_1__Proteobacteria	D_2__Alphaproteobacteria	D_3__Rhodovibrionales	D_4__Kiloniellaceae	D_5__Pelagibius
acbb322f7e3b482f12ec7f75bff567c6	D_0__Bacteria	D_1__Proteobacteria	D_2__Alphaproteobacteria	D_3__Rhizobiales	D_4__Rhizobiaceae	D_5__Roseitalea	D_6__uncultured organism
6ad3d4b7c9ecbbae14157332012c3e94	D_0__Bacteria	D_1__Proteobacteria	D_2__Gammaproteobacteria	D_3__Betaproteobacteriales	D_4__Rhodocyclaceae	D_5__uncultured	D_6__uncultured Azoarcus sp.
b14ddcbf34bd4d9d6459576f829b20b2	D_0__Bacteria	D_1__Actinobacteria	D_2__Actinobacteria	D_3__Micrococcales	D_4__Microbacteriaceae	D_5__Microbacterium
8a45e0b7d52715cbb937eaa0aaebd098	D_0__Bacteria	D_1__Proteobacteria	D_2__Alphaproteobacteria	D_3__Rhodobacterales	D_4__Rhodobacteraceae
474b6d11b1d95f9351e86821e8ca2792	D_0__Bacteria	D_1__Proteobacteria	D_2__Gammaproteobacteria	D_3__Legionellales	D_4__Legionellaceae	D_5__Legionella
7c7f22b7a90914e7f2bc9be39100fd1d	D_0__Bacteria	D_1__Proteobacteria	D_2__Alphaproteobacteria	D_3__Caulobacterales	D_4__Caulobacteraceae
d74811064b8cb6dc121d37ba12ef887b	D_0__Bacteria	D_1__Planctomycetes	D_2__Phycisphaerae	D_3__Phycisphaerales	D_4__Phycisphaeraceae	D_5__SM1A02	D_6__uncultured bacterium
36d5135100aebdfd280b663d4f8b528d	D_0__Bacteria	D_1__Planctomycetes	D_2__Planctomycetacia	D_3__Pirellulales	D_4__Pirellulaceae	D_5__Blastopirellula	D_6__uncultured bacterium
41d3b50265d542973e5d5ddba9a6d879	D_0__Bacteria	D_1__Acidobacteria	D_2__Acidobacteriia	D_3__Solibacterales	D_4__Solibacteraceae (Subgroup 3)	D_5__Bryobacter
4ed95b1bff9a9d58cf5418f5a81255cf	D_0__Bacteria	D_1__Proteobacteria	D_2__Alphaproteobacteria	D_3__Rhodospirillales	D_4__Thalassospiraceae	D_5__Thalassospira
a230d1d4cba74c0da0709ad8b07a02ad	D_0__Bacteria	D_1__Chloroflexi	D_2__JG30-KF-CM66
90d0d1a65bdb9d3cc534048cb95d52ff	D_0__Bacteria	D_1__Proteobacteria	D_2__Alphaproteobacteria	D_3__Rhizobiales	D_4__Beijerinckiaceae	D_5__Methylobacterium
edbeb6ba6c7d095f151f04accbf3f150	D_0__Bacteria	D_1__Bacteroidetes	D_2__Bacteroidia	D_3__Flavobacteriales	D_4__Weeksellaceae	D_5__Chryseobacterium
03194df1d290a60da9ebbafb22029479	D_0__Bacteria	D_1__Planctomycetes	D_2__Planctomycetacia	D_3__Pirellulales	D_4__Pirellulaceae	D_5__Pir4 lineage
fc9615384f059ff5bf02bb3e47744e54	D_0__Bacteria	D_1__Bacteroidetes	D_2__Bacteroidia	D_3__Flavobacteriales	D_4__NS9 marine group
cc7301e00f11b339efcfae5ba7aa2142	D_0__Bacteria	D_1__Proteobacteria	D_2__Alphaproteobacteria	D_3__Parvibaculales	D_4__Parvibaculaceae	D_5__Pyruvatibacter	D_6__Pyruvatibacter mobilis
e76bfeef0a22bfd6bcedd989b32e895e	D_0__Bacteria	D_1__Actinobacteria	D_2__Actinobacteria	D_3__Actinomycetales	D_4__Actinomycetaceae	D_5__Actinomyces
406687e04f15221199f0e32e6b5cbe76	D_0__Bacteria	D_1__Proteobacteria	D_2__Gammaproteobacteria
fa9b338411758b014e3eb5b1bd1848a9	D_0__Bacteria	D_1__Firmicutes	D_2__Bacilli	D_3__Bacillales	D_4__Paenibacillaceae	D_5__Brevibacillus
b85b973e0a5878d82e76a4e510aa65c5	D_0__Bacteria	D_1__Firmicutes	D_2__Clostridia	D_3__Clostridiales	D_4__Ruminococcaceae	D_5__Ruminococcaceae UCG-013
27fbbd330e5251cd628201f6391c12a5	D_0__Bacteria	D_1__Actinobacteria	D_2__Actinobacteria	D_3__Actinomycetales	D_4__Actinomycetaceae
5d54be8bdadd81256b3a91d04c952576	D_0__Bacteria	D_1__Actinobacteria	D_2__Actinobacteria	D_3__Micrococcales	D_4__Micrococcaceae	D_5__Micrococcus
088bade085f88e1012ff4458a2b3d42d	D_0__Bacteria	D_1__Proteobacteria	D_2__Gammaproteobacteria	D_3__Vibrionales	D_4__Vibrionaceae	D_5__Photobacterium	D_6__Photobacterium rosenbergii
1ef64c98fd6eea0d4bb74401e990499e	D_0__Bacteria	D_1__Proteobacteria	D_2__Deltaproteobacteria	D_3__Desulfovibrionales	D_4__Desulfovibrionaceae	D_5__Desulfovibrio
6b0bd2020c2dd5c4ef8c733c9f81be1c	D_0__Bacteria	D_1__Proteobacteria	D_2__Alphaproteobacteria	D_3__Rhizobiales	D_4__Beijerinckiaceae	D_5__Methylobacterium	D_6__Methylobacterium hispanicum
e826ae416366d813501605881b72e041	D_0__Bacteria	D_1__Planctomycetes	D_2__Phycisphaerae	D_3__Phycisphaerales	D_4__Phycisphaeraceae	D_5__SM1A02	D_6__Nannochloropsis gaditana
3167d7651a7ee05a60069d4b943b6e92	D_0__Bacteria	D_1__Proteobacteria	D_2__Alphaproteobacteria	D_3__Rhodobacterales	D_4__Rhodobacteraceae
aa3453d0f9643435f5d28b040ec3e117	D_0__Bacteria	D_1__Proteobacteria	D_2__Deltaproteobacteria	D_3__Myxococcales	D_4__Blfdi19	D_5__uncultured bacterium	D_6__uncultured bacterium
bdbab1c5da6f8b98da38c5da8d7e270d	D_0__Bacteria	D_1__Proteobacteria	D_2__Alphaproteobacteria	D_3__Sphingomonadales	D_4__Sphingomonadaceae	D_5__Sphingomonas
f42e5e195c91f9dae60ecbf2822bab48	D_0__Bacteria	D_1__Bacteroidetes	D_2__Bacteroidia	D_3__Cytophagales	D_4__Spirosomaceae	D_5__Spirosoma
b58e36ed2f6efe3dec7c80424ba3aa1d	D_0__Bacteria	D_1__Proteobacteria	D_2__Gammaproteobacteria	D_3__Enterobacteriales	D_4__Enterobacteriaceae	D_5__Citrobacter
db1e1b4b423bdcfd6a3af554b003734e	D_0__Bacteria	D_1__Bacteroidetes	D_2__Ignavibacteria	D_3__OPB56	D_4__uncultured bacterium	D_5__uncultured bacterium	D_6__uncultured bacterium
c7b5f5949c7f155e5947be9c4081e6eb	D_0__Bacteria	D_1__Proteobacteria	D_2__Gammaproteobacteria	D_3__Betaproteobacteriales	D_4__Burkholderiaceae	D_5__Sutterella	D_6__gut metagenome
c83e1ad1aba0effcc92744732fd3e3da	D_0__Bacteria	D_1__Firmicutes	D_2__Clostridia	D_3__Clostridiales	D_4__Eubacteriaceae	D_5__Eubacterium
a720841c0bdee4f4391c1424186a151a	D_0__Bacteria	D_1__Proteobacteria	D_2__Alphaproteobacteria	D_3__Rhodovibrionales	D_4__Kiloniellaceae	D_5__uncultured	D_6__uncultured bacterium
71c895520e0b8cbc619040c2a49005e6	D_0__Bacteria	D_1__Actinobacteria	D_2__Actinobacteria	D_3__Corynebacteriales	D_4__Corynebacteriaceae
d30d22ff411d09e25c083d0cb2100ad9	D_0__Bacteria	D_1__Proteobacteria	D_2__Gammaproteobacteria	D_3__Betaproteobacteriales	D_4__Burkholderiaceae	D_5__Comamonas
e6adc86b0ce6d014fd258412ef2eae77	D_0__Bacteria	D_1__Firmicutes	D_2__Bacilli	D_3__Bacillales	D_4__Staphylococcaceae	D_5__Staphylococcus
811a836a17851c862cd4f199292399ba	D_0__Bacteria	D_1__Firmicutes	D_2__Bacilli	D_3__Bacillales	D_4__Staphylococcaceae	D_5__Staphylococcus
6284c5146b6f7b4466493dc20c9c6d21	D_0__Bacteria	D_1__Actinobacteria	D_2__Actinobacteria	D_3__Corynebacteriales	D_4__Corynebacteriaceae	D_5__Corynebacterium 1
d9804fb0b98b54bd805f2282471fec4d	D_0__Bacteria	D_1__Proteobacteria	D_2__Gammaproteobacteria	D_3__Betaproteobacteriales	D_4__Burkholderiaceae	D_5__Schlegelella	D_6__uncultured bacterium
024a860529e1eea9b10e1f12fa6a0024	D_0__Bacteria	D_1__Spirochaetes	D_2__Spirochaetia	D_3__Spirochaetales	D_4__Spirochaetaceae	D_5__Sphaerochaeta	D_6__uncultured spirochete
5f86aca4aa29cef14c4184c2c34397b9	D_0__Bacteria	D_1__Proteobacteria	D_2__Alphaproteobacteria	D_3__Rhizobiales	D_4__Hyphomicrobiaceae	D_5__Hyphomicrobium
52d8cd45be6c2013c8eca2adb52fa418	D_0__Bacteria	D_1__Actinobacteria	D_2__Actinobacteria	D_3__Corynebacteriales	D_4__Corynebacteriaceae	D_5__Corynebacterium 1
2045304c402ab34200f95a8da51c5ef2	D_0__Bacteria	D_1__Proteobacteria	D_2__Gammaproteobacteria	D_3__Gammaproteobacteria Incertae Sedis	D_4__Unknown Family	D_5__Acidibacter	D_6__uncultured bacterium
ca34babbb8c49fd5c620d7187e2ea786	D_0__Bacteria	D_1__Bacteroidetes	D_2__Bacteroidia	D_3__Bacteroidales	D_4__Prevotellaceae	D_5__Prevotella 7	D_6__Prevotella melaninogenica
e7a40a6b3a4b011c7451d1363cb568c8	D_0__Bacteria	D_1__Proteobacteria	D_2__Alphaproteobacteria	D_3__Puniceispirillales	D_4__uncultured	D_5__uncultured alpha proteobacterium	D_6__uncultured alpha proteobacterium
8eaa509da5f4e4dedbf62a4dee5536b7	D_0__Bacteria	D_1__Proteobacteria	D_2__Gammaproteobacteria	D_3__Alteromonadales	D_4__Marinobacteraceae	D_5__Marinobacter
51ac645db6aeccfcc8c1885eae9a12ea	D_0__Bacteria	D_1__Proteobacteria	D_2__Gammaproteobacteria	D_3__Gammaproteobacteria Incertae Sedis	D_4__Unknown Family	D_5__Acidibacter
2216ed2d677a82aee36f5ec46ef5911a	D_0__Bacteria	D_1__Proteobacteria	D_2__Alphaproteobacteria	D_3__Caulobacterales	D_4__Caulobacteraceae	D_5__Brevundimonas
97ee7e1520008c8421c4e8b8e8021dc1	D_0__Bacteria	D_1__Bacteroidetes	D_2__Bacteroidia	D_3__Flavobacteriales	D_4__Weeksellaceae	D_5__Chryseobacterium
9dc6b77ec04e4afd83b44edd93ce0bab	D_0__Bacteria	D_1__Proteobacteria	D_2__Alphaproteobacteria	D_3__Rickettsiales	D_4__Mitochondria	D_5__uncultured organism	D_6__uncultured organism
81954786ea793a79b3a7f7feabc26105	D_0__Bacteria	D_1__Actinobacteria	D_2__Actinobacteria	D_3__Propionibacteriales	D_4__Nocardioidaceae	D_5__Nocardioides
c35491025121b7cc2bfd19bca6d64472	D_0__Bacteria	D_1__Proteobacteria	D_2__Gammaproteobacteria	D_3__Pseudomonadales	D_4__Pseudomonadaceae	D_5__Pseudomonas
431b0f290e6ad1620020a2febed719e4	D_0__Bacteria	D_1__Actinobacteria	D_2__Rubrobacteria	D_3__Rubrobacterales	D_4__Rubrobacteriaceae	D_5__Rubrobacter	D_6__Rubrobacter xylanophilus DSM 9941
3ce4c2d620bd80da75f722b1d544da5c	D_0__Bacteria	D_1__Actinobacteria	D_2__Actinobacteria	D_3__Corynebacteriales	D_4__Corynebacteriaceae	D_5__Corynebacterium 1
52c54e44d7100287f247fd8f2d363de0	D_0__Bacteria	D_1__Proteobacteria	D_2__Alphaproteobacteria	D_3__Parvibaculales	D_4__Parvibaculaceae	D_5__Mf105b01	D_6__uncultured bacterium
14a6071fc47ec11478266bc86e119c0b	D_0__Bacteria	D_1__Proteobacteria	D_2__Alphaproteobacteria	D_3__Rhizobiales	D_4__Xanthobacteraceae	D_5__Afipia	D_6__uncultured bacterium
5077fc425f625ebd864ae70bd34a2639	D_0__Bacteria	D_1__Planctomycetes	D_2__Planctomycetacia	D_3__Pirellulales	D_4__Pirellulaceae	D_5__Pir4 lineage	D_6__planctomycete DDSe3016
d79fad8bbf9d312b5680d223f825aa1a	D_0__Bacteria	D_1__Firmicutes	D_2__Bacilli	D_3__Bacillales	D_4__Staphylococcaceae	D_5__Staphylococcus
ff9271d0b1e83e974d082be1940f462c	D_0__Bacteria	D_1__Actinobacteria	D_2__Actinobacteria	D_3__Micrococcales	D_4__Microbacteriaceae
a0784c9306292fa2237694b1762e077c	D_0__Bacteria	D_1__Actinobacteria	D_2__Actinobacteria	D_3__Micrococcales	D_4__Microbacteriaceae
cf63179f6eb172dc94cdfa2cb3a780c1	D_0__Bacteria	D_1__Firmicutes	D_2__Bacilli	D_3__Bacillales	D_4__Staphylococcaceae	D_5__Staphylococcus
6ba64980d5b7d1e1ab146d04ec1764d9	D_0__Bacteria	D_1__Firmicutes	D_2__Clostridia	D_3__Clostridiales	D_4__Ruminococcaceae	D_5__Oscillibacter
888de4079739f283d404fa34eced662c	D_0__Bacteria	D_1__Proteobacteria	D_2__Alphaproteobacteria	D_3__Sphingomonadales	D_4__Sphingomonadaceae	D_5__Sphingomonas
74319de4ab6bdd3e05b75013943319bb	D_0__Bacteria	D_1__Proteobacteria	D_2__Alphaproteobacteria	D_3__Micropepsales	D_4__Micropepsaceae	D_5__uncultured	D_6__metagenome
c4dd09383c85c8df21ddf889c015ed8f	D_0__Bacteria	D_1__Actinobacteria	D_2__Actinobacteria	D_3__Micrococcales	D_4__Micrococcaceae	D_5__Arthrobacter
dcc9c5e45319d62b677c97e0437ce4db	D_0__Bacteria	D_1__Proteobacteria	D_2__Deltaproteobacteria	D_3__Desulfovibrionales	D_4__Desulfovibrionaceae	D_5__Bilophila	D_6__uncultured bacterium
b26afed2d5043d09abf28dcbf076501d	D_0__Bacteria	D_1__Proteobacteria	D_2__Alphaproteobacteria	D_3__Rhizobiales	D_4__Rhizobiaceae	D_5__Allorhizobium-Neorhizobium-Pararhizobium-Rhizobium
00f25bed10b590ac065a0a03a21142ec	D_0__Bacteria	D_1__Proteobacteria	D_2__Alphaproteobacteria	D_3__Caulobacterales	D_4__Parvularculaceae	D_5__uncultured	D_6__uncultured organism
a277687773172a914062324a3edc658d	D_0__Bacteria	D_1__Firmicutes	D_2__Bacilli	D_3__Lactobacillales	D_4__Streptococcaceae	D_5__Streptococcus	D_6__Streptococcus mutans
7332af286eb20a1110f3b1ec39cce1d0	D_0__Bacteria	D_1__Proteobacteria	D_2__Alphaproteobacteria	D_3__Caulobacterales	D_4__Caulobacteraceae	D_5__Phenylobacterium
c0a81085e84922904f4f252de24a4eb9	D_0__Bacteria	D_1__Firmicutes	D_2__Bacilli	D_3__Bacillales	D_4__Staphylococcaceae	D_5__Staphylococcus
510f5387eeff0aa888d07a38253c50ea	D_0__Bacteria	D_1__Proteobacteria	D_2__Gammaproteobacteria	D_3__Pasteurellales	D_4__Pasteurellaceae	D_5__Haemophilus
0c6c03b98f65e24156c2c5ea74c4a859	D_0__Bacteria	D_1__Deinococcus-Thermus	D_2__Deinococci	D_3__Thermales	D_4__Thermaceae	D_5__Meiothermus	D_6__uncultured Deinococci bacterium
feac5c14a7366972f05fffbe8a62dbc1	D_0__Bacteria	D_1__Actinobacteria	D_2__Actinobacteria	D_3__Corynebacteriales	D_4__Corynebacteriaceae	D_5__Corynebacterium 1
6a5bdc73804370adfac1132ca1741ae2	D_0__Bacteria	D_1__Proteobacteria	D_2__Gammaproteobacteria	D_3__Steroidobacterales	D_4__Steroidobacteraceae	D_5__uncultured	D_6__uncultured bacterium
7988502255ef377dd19415d62854f6fe	D_0__Bacteria	D_1__Firmicutes	D_2__Clostridia	D_3__Clostridiales	D_4__Lachnospiraceae	D_5__Lachnospiraceae NK4A136 group
8b82d05d7b9fd6f03772137c5e0854df	D_0__Bacteria	D_1__Firmicutes	D_2__Clostridia	D_3__Clostridiales	D_4__Lachnospiraceae	D_5__Tyzzerella
e9a4e9a7a90d08955ef4b73d20459590	D_0__Bacteria	D_1__Firmicutes	D_2__Bacilli	D_3__Bacillales	D_4__Paenibacillaceae	D_5__Brevibacillus
dcd71107a5da4c2e16c455acf22d235d	D_0__Bacteria	D_1__Proteobacteria	D_2__Alphaproteobacteria	D_3__Rhizobiales	D_4__Rhizobiaceae	D_5__Roseitalea	D_6__uncultured organism
c5ca791fa9331edd54315f556bdf3691	D_0__Bacteria	D_1__Bacteroidetes	D_2__Bacteroidia	D_3__Chitinophagales	D_4__Chitinophagaceae	D_5__Hydrotalea	D_6__Hydrotalea sandarakina
4b9e90e95af1f659c5c844336294c895	D_0__Bacteria	D_1__Bacteroidetes	D_2__Bacteroidia	D_3__Cytophagales	D_4__Cyclobacteriaceae	D_5__Reichenbachiella	D_6__uncultured bacterium
15af5076ada928d1c1367a24564f0060	D_0__Bacteria	D_1__Bacteroidetes	D_2__Bacteroidia	D_3__Cytophagales	D_4__Cyclobacteriaceae	D_5__Fabibacter	D_6__uncultured bacterium
0605c370a5c1bfd1d8bbb91f2a3b0271	D_0__Bacteria	D_1__Firmicutes	D_2__Bacilli	D_3__Bacillales	D_4__Paenibacillaceae	D_5__Paenibacillus	D_6__Paenibacillus darwinianus
baf659375493c7790bcab986144425ea	D_0__Bacteria	D_1__Firmicutes	D_2__Bacilli	D_3__Lactobacillales	D_4__Streptococcaceae	D_5__Streptococcus
1dad9c2d7e2829d7b4261b1b0e580cae	D_0__Bacteria	D_1__Proteobacteria	D_2__Deltaproteobacteria	D_3__Myxococcales	D_4__mle1-27	D_5__uncultured bacterium	D_6__uncultured bacterium
e5b9b61c4aa5e6678257e39d9701737f	D_0__Bacteria	D_1__Proteobacteria	D_2__Alphaproteobacteria	D_3__Rhodospirillales	D_4__uncultured	D_5__uncultured Rhizobiaceae bacterium	D_6__uncultured Rhizobiaceae bacterium
dc3c721afc493896da9f0f921329568a	D_0__Bacteria	D_1__Proteobacteria	D_2__Alphaproteobacteria	D_3__Caulobacterales	D_4__uncultured	D_5__uncultured bacterium	D_6__uncultured bacterium
1a388f8788b8c261d76744710032a7cd	D_0__Bacteria	D_1__Firmicutes	D_2__Clostridia	D_3__Clostridiales	D_4__Family XI	D_5__Finegoldia	D_6__uncultured bacterium
6d2487c1daa9dd9aff608f1b335705d0	D_0__Bacteria	D_1__Firmicutes	D_2__Bacilli	D_3__Lactobacillales	D_4__Streptococcaceae	D_5__Lactococcus
3a3e7e30b2ef4d018cb8524ebd9dc9c1	D_0__Bacteria	D_1__Firmicutes	D_2__Clostridia	D_3__Clostridiales	D_4__Ruminococcaceae	D_5__Ruminococcaceae UCG-008	D_6__uncultured bacterium
f9a8ec361e8d29696743ba0d8d946afc	D_0__Bacteria	D_1__Proteobacteria	D_2__Gammaproteobacteria	D_3__Gammaproteobacteria Incertae Sedis	D_4__Unknown Family	D_5__Acidibacter	D_6__uncultured bacterium
517b46a57505ac5bfb80b29cb1580ea2	D_0__Bacteria	D_1__Proteobacteria	D_2__Alphaproteobacteria	D_3__Holosporales	D_4__Holosporaceae	D_5__uncultured	D_6__uncultured bacterium
f22d44c089cd14fc6e863f62a63bd69f	D_0__Bacteria	D_1__Proteobacteria	D_2__Alphaproteobacteria	D_3__Rhizobiales	D_4__Rhizobiaceae	D_5__Phyllobacterium
1e675868c1586a74ef13f9b42de71d94	D_0__Bacteria	D_1__Firmicutes	D_2__Clostridia	D_3__Clostridiales	D_4__Ruminococcaceae	D_5__Ruminiclostridium 9
dd5a59afc2cff7f8e78604872e07bcab	D_0__Bacteria	D_1__Proteobacteria	D_2__Alphaproteobacteria	D_3__Rhizobiales	D_4__Stappiaceae	D_5__Labrenzia
ad723b12d9f4e680bc1c8cc9829bec78	D_0__Bacteria	D_1__Bacteroidetes	D_2__Bacteroidia	D_3__Flavobacteriales	D_4__Cryomorphaceae	D_5__uncultured	D_6__uncultured Bacteroidetes bacterium
4b361328362187177c04b3d3bf5f6c9e	D_0__Bacteria	D_1__Proteobacteria	D_2__Gammaproteobacteria	D_3__Betaproteobacteriales	D_4__Burkholderiaceae
04e37a6798d328284f3fad39a74c6df4	D_0__Bacteria	D_1__Proteobacteria	D_2__Gammaproteobacteria	D_3__Betaproteobacteriales	D_4__Burkholderiaceae	D_5__Tepidimonas
3e8704e0d0aa3d463ccb549a882d9d99	D_0__Bacteria	D_1__Firmicutes	D_2__Clostridia	D_3__Clostridiales	D_4__Lachnospiraceae	D_5__Anaerocolumna
1297a95214686049589858b514356099	D_0__Bacteria	D_1__Firmicutes	D_2__Clostridia	D_3__Clostridiales	D_4__Ruminococcaceae	D_5__Hydrogenoanaerobacterium	D_6__uncultured bacterium
66f7e6f941b89af412359835b95ff487	D_0__Bacteria	D_1__Actinobacteria	D_2__Actinobacteria	D_3__Actinomycetales	D_4__Actinomycetaceae	D_5__Varibaculum	D_6__uncultured bacterium
b92bbffadab17cf7172e153b51acb741	D_0__Bacteria	D_1__Proteobacteria	D_2__Gammaproteobacteria	D_3__Betaproteobacteriales	D_4__Methylophilaceae
5251c2fe8684c7fc9e3dac4d33f3cb44	D_0__Bacteria	D_1__Firmicutes	D_2__Bacilli	D_3__Lactobacillales	D_4__Enterococcaceae	D_5__Enterococcus
8cb4ba49481e53416fcf78197018e186	D_0__Bacteria	D_1__Actinobacteria	D_2__Actinobacteria	D_3__Micrococcales	D_4__Micrococcaceae	D_5__Kocuria
2faa26b1a1f113e909cee7622ffcc5d2	D_0__Bacteria	D_1__Firmicutes	D_2__Bacilli	D_3__Bacillales	D_4__Staphylococcaceae	D_5__Staphylococcus
86418e3c3cd8da71c12b3a025d6e82a7	D_0__Bacteria	D_1__Proteobacteria	D_2__Alphaproteobacteria	D_3__Rhizobiales	D_4__Hyphomicrobiaceae	D_5__Filomicrobium
6cc036e114c9f3662d67e63192ba39f1	D_0__Bacteria	D_1__Acidobacteria	D_2__Holophagae	D_3__Acanthopleuribacterales	D_4__Acanthopleuribacteraceae	D_5__Acanthopleuribacter	D_6__bacterium N2yML4
f03c2b674cf1f32a5df83bc9bad17797	D_0__Bacteria	D_1__Bacteroidetes	D_2__Bacteroidia	D_3__Cytophagales	D_4__Flammeovirgaceae
d31fdbf11595080cdb9519c594250aef	D_0__Bacteria	D_1__Actinobacteria	D_2__Actinobacteria	D_3__Actinomycetales	D_4__Actinomycetaceae	D_5__Varibaculum	D_6__uncultured bacterium
cd6333bf7e6401ffc0f87a239dd8935f	D_0__Bacteria	D_1__Proteobacteria	D_2__Gammaproteobacteria	D_3__KI89A clade
ec0844ea9b4d2f241f8e91f5cc0643cd	D_0__Bacteria	D_1__Proteobacteria	D_2__Alphaproteobacteria	D_3__Rhizobiales	D_4__Beijerinckiaceae	D_5__Methylobacterium	D_6__uncultured bacterium
5014bbc763e99bf874e2041a66e4ccaa	D_0__Bacteria	D_1__Proteobacteria	D_2__Gammaproteobacteria	D_3__Xanthomonadales	D_4__Xanthomonadaceae	D_5__Stenotrophomonas
8dc0fe3f961afaef6657dcd4383a6a78	D_0__Bacteria	D_1__Firmicutes	D_2__Clostridia	D_3__Clostridiales	D_4__Lachnospiraceae	D_5__Butyrivibrio 2	D_6__uncultured bacterium
29e46e58fb0f3266074aa67229689c51	D_0__Bacteria	D_1__Planctomycetes	D_2__Planctomycetacia	D_3__Pirellulales	D_4__Pirellulaceae	D_5__Pirellula
2ff53dfd250fb6b06d49e7e40ec379aa	D_0__Bacteria	D_1__Proteobacteria	D_2__Alphaproteobacteria	D_3__Rhizobiales	D_4__Rhizobiales Incertae Sedis	D_5__Phreatobacter	D_6__uncultured Brucella sp.
9216180f22e029361c221bdbb3532748	D_0__Bacteria	D_1__Firmicutes	D_2__Clostridia	D_3__Clostridiales	D_4__Lachnospiraceae	D_5__Tyzzerella
4cbafeef425d5ab69d3fe743546340bf	D_0__Bacteria	D_1__Proteobacteria	D_2__Alphaproteobacteria	D_3__Sneathiellales	D_4__Sneathiellaceae	D_5__AT-s3-44	D_6__uncultured bacterium
44adc250d9521659604c6924d6076467	D_0__Bacteria	D_1__Proteobacteria	D_2__Deltaproteobacteria	D_3__NB1-j	D_4__uncultured deep-sea bacterium	D_5__uncultured deep-sea bacterium	D_6__uncultured deep-sea bacterium
a5fc35282f66ee7bad37274f8f587fd3	D_0__Bacteria	D_1__Firmicutes	D_2__Clostridia	D_3__Clostridiales	D_4__Lachnospiraceae	D_5__Roseburia
e593b957fb1f3f94d57c3fb0334aaddd	D_0__Bacteria	D_1__Firmicutes	D_2__Bacilli	D_3__Lactobacillales	D_4__Streptococcaceae	D_5__Streptococcus	D_6__Streptococcus gordonii
e1cf2a6d345bd7aa410f62fa75b8c115	D_0__Bacteria	D_1__Proteobacteria	D_2__Gammaproteobacteria	D_3__Pseudomonadales	D_4__Pseudomonadaceae	D_5__Pseudomonas	D_6__Pseudomonas viridiflava
7d77b7975c0fdeaaee9e12c9dc888c7f	D_0__Bacteria	D_1__Firmicutes	D_2__Bacilli	D_3__Lactobacillales	D_4__Aerococcaceae	D_5__Abiotrophia	D_6__uncultured bacterium
10fd6922d57cfdb4c751469901e82c85	D_0__Bacteria	D_1__Gemmatimonadetes	D_2__Gemmatimonadetes	D_3__Gemmatimonadales	D_4__Gemmatimonadaceae	D_5__Gemmatimonas	D_6__uncultured Gemmatimonadetes bacterium
72b534e7f9aee17f9ef904f3abfd8e46	D_0__Bacteria	D_1__Proteobacteria	D_2__Gammaproteobacteria	D_3__Alteromonadales	D_4__Alteromonadaceae	D_5__Alteromonas
aa676d7d0f0eb7f594c6ad97a2f16cce	D_0__Bacteria	D_1__Firmicutes	D_2__Clostridia	D_3__Clostridiales	D_4__Ruminococcaceae	D_5__Ruminococcaceae UCG-008	D_6__uncultured bacterium
8da9aede04a7a09e9816086b3aaf5877	D_0__Bacteria	D_1__Proteobacteria	D_2__Alphaproteobacteria	D_3__Rhodovibrionales	D_4__Kiloniellaceae	D_5__uncultured	D_6__uncultured Rhodobium sp.
6b6fa023d539a581408b32664dbced0f	D_0__Bacteria	D_1__Bacteroidetes	D_2__Bacteroidia	D_3__Sphingobacteriales	D_4__Sphingobacteriaceae	D_5__Sphingobacterium
35b8a25c59657a103c7db000a37ce14c	D_0__Bacteria	D_1__Proteobacteria	D_2__Gammaproteobacteria	D_3__Pseudomonadales	D_4__Moraxellaceae	D_5__Enhydrobacter
56e8b6a71df2dd6622c4e196bc23b217	D_0__Bacteria	D_1__Bacteroidetes	D_2__Bacteroidia	D_3__Flavobacteriales	D_4__Crocinitomicaceae	D_5__Crocinitomix	D_6__uncultured Bacteroidetes bacterium
d8f6dfa6c688a167727a48e509c4b968	D_0__Bacteria	D_1__Bacteroidetes	D_2__Bacteroidia	D_3__Flavobacteriales	D_4__Weeksellaceae	D_5__Chryseobacterium
cf406bbc35b2e50c3654e5f1617c8359	D_0__Bacteria	D_1__Firmicutes	D_2__Clostridia	D_3__Clostridiales	D_4__Ruminococcaceae	D_5__Hydrogenoanaerobacterium
fb90eec41a7fe0c88f11a8e91b6e0b77	D_0__Bacteria	D_1__Proteobacteria	D_2__Gammaproteobacteria	D_3__Xanthomonadales	D_4__Rhodanobacteraceae	D_5__Dokdonella
8b5dc3b181f3f3dcdfa82da2d3a36a82	D_0__Bacteria	D_1__Proteobacteria	D_2__Gammaproteobacteria	D_3__Betaproteobacteriales	D_4__Methylophilaceae
c62108c5b06ce895ce811d8018db4cef	D_0__Bacteria	D_1__Actinobacteria	D_2__Actinobacteria	D_3__Propionibacteriales	D_4__Propionibacteriaceae
1a9748b0e9b6b5e2f2b76a01d75a4c1d	D_0__Bacteria	D_1__Proteobacteria	D_2__Alphaproteobacteria	D_3__Rhodobacterales	D_4__Rhodobacteraceae	D_5__Marinovum
6d74940ef9190fccf501134156ac7f98	D_0__Bacteria	D_1__Actinobacteria	D_2__Actinobacteria	D_3__Corynebacteriales	D_4__Corynebacteriaceae	D_5__Corynebacterium 1
d73ac03427201aa660bb14a84f053043	D_0__Bacteria	D_1__Actinobacteria	D_2__Actinobacteria	D_3__Propionibacteriales	D_4__Propionibacteriaceae	D_5__Cutibacterium
3d9200821e0d3133d22a60571794858a	D_0__Bacteria	D_1__Bacteroidetes	D_2__Bacteroidia	D_3__Cytophagales	D_4__Cyclobacteriaceae
b1d54ccb4f349b1ecab70a9f2223cc2c	D_0__Bacteria	D_1__Proteobacteria	D_2__Gammaproteobacteria
30cca6d63dcf0c6d868c32998e3badf4	D_0__Bacteria	D_1__Actinobacteria	D_2__Actinobacteria	D_3__Corynebacteriales	D_4__Corynebacteriaceae	D_5__Corynebacterium 1	D_6__uncultured bacterium
c49998db51753ec610d8ec4e95efe914	D_0__Bacteria	D_1__Planctomycetes	D_2__Planctomycetacia	D_3__Pirellulales	D_4__Pirellulaceae	D_5__Blastopirellula	D_6__uncultured bacterium
4690dce8ec1c2b8afccf1b22ceed1980	D_0__Bacteria	D_1__Planctomycetes	D_2__Planctomycetacia	D_3__Pirellulales	D_4__Pirellulaceae	D_5__Blastopirellula	D_6__uncultured bacterium
d9c7347863af37acf133417e9211b199	D_0__Bacteria	D_1__Patescibacteria	D_2__Parcubacteria	D_3__Candidatus Kaiserbacteria
9aa7a7c3db5744e46ee9eb4724ebe64d	D_0__Bacteria	D_1__Bacteroidetes	D_2__Bacteroidia	D_3__Cytophagales	D_4__Cyclobacteriaceae	D_5__Marinoscillum
463bab717dff048954f80025f63ae272	D_0__Bacteria	D_1__Actinobacteria	D_2__Actinobacteria	D_3__Frankiales	D_4__uncultured
9866c6b34c49c3b84fa58a0fde45b1ae	D_0__Bacteria	D_1__Proteobacteria	D_2__Gammaproteobacteria	D_3__Betaproteobacteriales	D_4__Methylophilaceae
e0a6486b1f8ef98b0f6e1f434e929950	D_0__Bacteria	D_1__Proteobacteria	D_2__Deltaproteobacteria	D_3__Oligoflexales	D_4__Oligoflexaceae	D_5__Oligoflexus	D_6__uncultured bacterium
d26b1651ab87a67cd77dc97bcbcd6d1d	D_0__Bacteria	D_1__Chlamydiae	D_2__Chlamydiae	D_3__Chlamydiales	D_4__Chlamydiaceae	D_5__uncultured
27f1032e4708b3640f7ba1577d504176	D_0__Bacteria	D_1__Proteobacteria	D_2__Gammaproteobacteria	D_3__Betaproteobacteriales	D_4__Burkholderiaceae	D_5__Piscinibacter
776efd134fbd3c5003ca7df18b7480e8	D_0__Bacteria	D_1__Firmicutes	D_2__Bacilli	D_3__Lactobacillales	D_4__Streptococcaceae	D_5__Streptococcus	D_6__Streptococcus anginosus subsp. anginosus
00b07986d54191a2e7b6fcc947c0a2de	D_0__Bacteria	D_1__Firmicutes	D_2__Clostridia	D_3__Clostridiales	D_4__Ruminococcaceae
4dfb9be11f244c8b6554fd514fea6b20	D_0__Bacteria	D_1__Bacteroidetes	D_2__Bacteroidia	D_3__Chitinophagales	D_4__Saprospiraceae	D_5__Lewinella	D_6__Lewinella nigricans
9b8a4d42b7f08de1c4c8fe9ad59c1047	D_0__Bacteria	D_1__Epsilonbacteraeota	D_2__Campylobacteria	D_3__Campylobacterales	D_4__Campylobacteraceae	D_5__Campylobacter	D_6__Campylobacter ureolyticus ACS-301-V-Sch3b
4447a4eec9c39dedc532ef98d769f704	D_0__Bacteria	D_1__Proteobacteria	D_2__Gammaproteobacteria	D_3__Pasteurellales	D_4__Pasteurellaceae	D_5__Haemophilus	D_6__uncultured organism
92be37add0f9f5d3ddeca358dd4209e4	D_0__Bacteria	D_1__Actinobacteria	D_2__Actinobacteria	D_3__Micrococcales	D_4__Micrococcaceae	D_5__Kocuria
3a22c531e42add48863d888c0c48af7a	D_0__Bacteria	D_1__Actinobacteria	D_2__Actinobacteria	D_3__Actinomycetales	D_4__Actinomycetaceae
fa4b447f42264074c3514e70f0dfe214	D_0__Bacteria	D_1__Bacteroidetes	D_2__Bacteroidia	D_3__Cytophagales	D_4__Cyclobacteriaceae	D_5__Fulvivirga	D_6__uncultured Flexibacter sp.
469c78d004552c6c040ddae4b7c06941	D_0__Bacteria	D_1__Proteobacteria	D_2__Gammaproteobacteria	D_3__Betaproteobacteriales	D_4__Burkholderiaceae
9a81182ff126c816d27b74e45c93ee17	D_0__Bacteria	D_1__Firmicutes	D_2__Clostridia	D_3__Clostridiales	D_4__Ruminococcaceae	D_5__UBA1819	D_6__uncultured organism
cf3882e28b59cec1cac3d0ee62995f7d	D_0__Bacteria	D_1__Bacteroidetes	D_2__Bacteroidia	D_3__Flavobacteriales	D_4__Flavobacteriaceae
0443c84d66dec6d5980b25c02f647807	D_0__Bacteria	D_1__Proteobacteria	D_2__Alphaproteobacteria	D_3__Thalassobaculales	D_4__uncultured
d89e1372ca866afe210af24ff07e58e7	D_0__Bacteria	D_1__Proteobacteria	D_2__Alphaproteobacteria	D_3__Caulobacterales	D_4__Hyphomonadaceae	D_5__Oceanicaulis	D_6__alpha proteobacterium GMDJE10E3
2cf4410805abb5eb2fb6513319980f12	D_0__Bacteria	D_1__Proteobacteria	D_2__Gammaproteobacteria	D_3__Xanthomonadales	D_4__Rhodanobacteraceae
a6c9466d1c2f2791da01b1a3ed7eb2b7	D_0__Bacteria	D_1__Actinobacteria	D_2__Actinobacteria	D_3__Corynebacteriales	D_4__Corynebacteriaceae	D_5__Corynebacterium 1
3479f52c231cb79e9a2228e11f7fc981	D_0__Bacteria	D_1__Planctomycetes	D_2__Planctomycetacia	D_3__Pirellulales	D_4__Pirellulaceae	D_5__Pir4 lineage	D_6__uncultured Planctomycetales bacterium
a3724bba472944a05559fab454ef0758	D_0__Bacteria	D_1__Bacteroidetes	D_2__Bacteroidia	D_3__Bacteroidales	D_4__Prevotellaceae
388a5de446d1f3bdd1d060f19aa13558	D_0__Bacteria	D_1__Firmicutes	D_2__Bacilli	D_3__Lactobacillales	D_4__Streptococcaceae	D_5__Streptococcus
005ccbd0c2322d6d40ea893cbb5e8164	D_0__Bacteria	D_1__Firmicutes	D_2__Clostridia	D_3__Clostridiales	D_4__Ruminococcaceae	D_5__Butyricicoccus	D_6__uncultured bacterium
8c772f02fe35b35160aafabc2b23ded9	D_0__Bacteria	D_1__Proteobacteria	D_2__Alphaproteobacteria
512f87e351776cb396a6b82c412c2e30	D_0__Bacteria	D_1__Proteobacteria	D_2__Alphaproteobacteria
1fd86527b003414b1ebd363abeee526b	D_0__Bacteria	D_1__Planctomycetes	D_2__Planctomycetacia	D_3__Pirellulales	D_4__Pirellulaceae	D_5__Pir4 lineage
93a279a6f107991c4f28cee29d3646ae	D_0__Bacteria	D_1__Bacteroidetes	D_2__Bacteroidia	D_3__Cytophagales	D_4__Cyclobacteriaceae	D_5__uncultured	D_6__uncultured deep-sea bacterium
35c993e68935e76dee929efb18462671	D_0__Bacteria	D_1__Spirochaetes	D_2__Spirochaetia	D_3__Spirochaetales	D_4__Spirochaetaceae
0890842fa030e00e79e9684cfedf615b	D_0__Bacteria	D_1__Chloroflexi	D_2__Dehalococcoidia	D_3__SAR202 clade	D_4__uncultured bacterium	D_5__uncultured bacterium	D_6__uncultured bacterium
f66b97c7b2fd1d146dc9b4779e64b225	D_0__Bacteria	D_1__Patescibacteria	D_2__Saccharimonadia	D_3__Saccharimonadales	D_4__uncultured Sphingobium sp.	D_5__uncultured Sphingobium sp.	D_6__uncultured Sphingobium sp.
836ff04b0c808cbf3f1481f2b5bb317b	D_0__Bacteria	D_1__Actinobacteria	D_2__Actinobacteria	D_3__Corynebacteriales	D_4__Corynebacteriaceae
87c6f65b32837af7e2c66efdc0ab2e7b	D_0__Bacteria	D_1__Proteobacteria	D_2__Deltaproteobacteria	D_3__Bdellovibrionales	D_4__Bacteriovoracaceae	D_5__Peredibacter	D_6__uncultured organism
2d585c428a3477010ae724b1b4e6576f	D_0__Bacteria	D_1__Acidobacteria	D_2__Acidobacteriia	D_3__Subgroup 2
1241009641f0d0325e7ecae0dc0827fb	D_0__Bacteria	D_1__Actinobacteria	D_2__Acidimicrobiia	D_3__IMCC26256
89c0701d2706d6eee53a0876ed3838cb	D_0__Bacteria	D_1__Epsilonbacteraeota	D_2__Campylobacteria	D_3__Campylobacterales	D_4__Sulfurospirillaceae	D_5__Sulfurospirillum
e65cd03e9ed6484ac5d3bce489117ea0	D_0__Bacteria	D_1__Proteobacteria	D_2__Alphaproteobacteria	D_3__Parvibaculales	D_4__Parvibaculaceae	D_5__Parvibaculum
276a89bf353c5f6d1b4027519b71a8e7	D_0__Bacteria	D_1__Proteobacteria	D_2__Gammaproteobacteria	D_3__Betaproteobacteriales	D_4__Burkholderiaceae	D_5__Lautropia	D_6__uncultured bacterium
cf982c5cc5d9746201c95519f9ceac96	D_0__Bacteria	D_1__Firmicutes	D_2__Negativicutes	D_3__Selenomonadales	D_4__Acidaminococcaceae	D_5__uncultured	D_6__uncultured bacterium
df2239e6df0f03cb0a8f1cf49e608d43	D_0__Bacteria	D_1__Proteobacteria	D_2__Gammaproteobacteria	D_3__Pasteurellales	D_4__Pasteurellaceae	D_5__Haemophilus	D_6__uncultured organism
3f34a0832716e647ce94b79389be1d6e	D_0__Bacteria	D_1__Firmicutes	D_2__Bacilli	D_3__Bacillales	D_4__Paenibacillaceae	D_5__Paenibacillus
114abd439f03e1bf2ca90784f9c9237e	D_0__Bacteria	D_1__Actinobacteria	D_2__Actinobacteria	D_3__Corynebacteriales	D_4__Nocardiaceae	D_5__Gordonia
3f4cbfbee25e7e04505f1985ce136ef2	D_0__Bacteria	D_1__Proteobacteria	D_2__Alphaproteobacteria	D_3__Sphingomonadales	D_4__Sphingomonadaceae	D_5__Novosphingobium
05f7f6c23ec7cebe6758a469a03ca2da	D_0__Bacteria	D_1__Acidobacteria	D_2__Holophagae	D_3__Acanthopleuribacterales	D_4__Acanthopleuribacteraceae	D_5__Acanthopleuribacter	D_6__bacterium N2yML4
01ba86f03cd1e09a63489389ae577e3a	D_0__Bacteria	D_1__Actinobacteria	D_2__Actinobacteria	D_3__Micrococcales	D_4__Microbacteriaceae
f0b2ec4cbb1ab053cc0734bf2db8d70d	D_0__Bacteria	D_1__Proteobacteria	D_2__Gammaproteobacteria	D_3__Alteromonadales	D_4__Marinobacteraceae	D_5__Marinobacter
a56c4091d2ed682c92d18c0b595229a3	D_0__Bacteria	D_1__Proteobacteria	D_2__Alphaproteobacteria	D_3__Rhodobacterales	D_4__Rhodobacteraceae
935f8c963287c15b565ff9211326e59a	D_0__Bacteria	D_1__Proteobacteria	D_2__Alphaproteobacteria	D_3__Caulobacterales	D_4__Hyphomonadaceae	D_5__Hyphomonas
92983525de075827a3090f998ca2cfd2	D_0__Bacteria	D_1__Nitrospirae	D_2__Thermodesulfovibrionia	D_3__uncultured	D_4__uncultured Nitrospiraceae bacterium	D_5__uncultured Nitrospiraceae bacterium	D_6__uncultured Nitrospiraceae bacterium
8ec5fa5c2a043bb19fdd5d8fe4c70302	D_0__Bacteria	D_1__Proteobacteria	D_2__Gammaproteobacteria	D_3__Salinisphaerales	D_4__Solimonadaceae
024aacce9be888d2911c9be16e5f7a6f	D_0__Bacteria	D_1__Proteobacteria	D_2__Alphaproteobacteria	D_3__Rhizobiales	D_4__Beijerinckiaceae	D_5__Methylobacterium
1d93ace89ab34731b67a1d49aa6610b8	D_0__Bacteria	D_1__Proteobacteria	D_2__Alphaproteobacteria	D_3__Rhodovibrionales
e3f80982c540fa3b4a7026ec724d4fe3	D_0__Bacteria	D_1__Proteobacteria
0d34f2872b6566dd1ad53f96cd54428f	D_0__Bacteria	D_1__Proteobacteria	D_2__Gammaproteobacteria	D_3__Betaproteobacteriales	D_4__Burkholderiaceae	D_5__Schlegelella	D_6__uncultured bacterium
60e961278776cd9635925eee331f7c0c	D_0__Bacteria	D_1__Proteobacteria	D_2__Alphaproteobacteria
13b246211ee01780953787e48bdb732b	D_0__Bacteria	D_1__Proteobacteria	D_2__Alphaproteobacteria
2758ee0d74e8ff10a09a85b7b842788e	D_0__Bacteria	D_1__Actinobacteria	D_2__Actinobacteria
